Country Name,Indicator Name,,2015,2016,2017,2018,2019,2020,2021,2022,2023,2024,2025,,,,,,,,,,,,,,,,,,,,,,,,,,,,,,,,,,,,,,,,,,,,
X,"Intentional homicides, male (per 100,000 male)",,,,,,,,,,,,,,,,,,,,,,,,,,,,,,,,,,,,,,,,,,,,,,,,,,,,,,,,
X,Battle-related deaths (number of people),,,41,47,,,2,,2,,2,,,,,,,,,,,,,,,,,,,,,,,,,,,,,,,,,,,,,,,,,,,,,
X,Voice and Accountability: Percentile Rank,,30.04926109,30.54187202,30.04926109,27.18446541,26.57004738,26.57004738,28.01932335,28.01932335,27.45098114,,,,,,,,,,,,,,,,,,,,,,,,,,,,,,,,,,,,,,,,,,,,,,
X,Transport services (% of commercial service exports),,23.93811052,20.82030083,21.48418752,22.04889827,19.5597591,22.25700979,27.1626994,25.52041094,17.1766372,23.49514072,,,,,,,,,,,,,,,,,,,,,,,,,,,,,,,,,,,,,,,,,,,,,
X,"Computer, communications and other services (% of commercial service exports)",,62.89712787,64.06830471,57.20210861,62.31390322,63.57828279,67.39562094,64.56585636,63.53717448,67.81705662,65.56659993,,,,,,,,,,,,,,,,,,,,,,,,,,,,,,,,,,,,,,,,,,,,,
X,"Merchandise exports by the reporting economy, residual (% of total merchandise exports)",,9.67E-16,-9.61E-16,0,0,0,0.001857076,0.017392546,0.009779607,0.018412971,,,,,,,,,,,,,,,,,,,,,,,,,,,,,,,,,,,,,,,,,,,,,,
X,Merchandise exports to low- and middle-income economies in Latin America & the Caribbean (% of total merchandise exports),,1.258865088,1.025530567,1.121373481,1.41983486,1.437874122,1.170179364,1.137799344,1.294551147,1.555204919,,,,,,,,,,,,,,,,,,,,,,,,,,,,,,,,,,,,,,,,,,,,,,
X,Merchandise exports to high-income economies (% of total merchandise exports),,88.6322488,88.47245445,88.910973,89.00768667,89.08742691,89.05387423,88.45840647,89.88854788,88.53051062,,,,,,,,,,,,,,,,,,,,,,,,,,,,,,,,,,,,,,,,,,,,,,
X,Manufactures exports (% of merchandise exports),,95.81230186,95.02340671,95.19793515,94.4530527,,,,,,,,,,,,,,,,,,,,,,,,,,,,,,,,,,,,,,,,,,,,,,,,,,,
X,Food exports (% of merchandise exports),,2.705992787,3.035674996,3.112666436,3.3870926,,,,,,,,,,,,,,,,,,,,,,,,,,,,,,,,,,,,,,,,,,,,,,,,,,,
X,Medium and high-tech exports (% manufactured exports),,1.869677896,1.869677896,1.869677896,1.869677896,1.869677896,1.869677896,1.869677896,1.869677896,,,,,,,,,,,,,,,,,,,,,,,,,,,,,,,,,,,,,,,,,,,,,,,
X,Commercial service imports (current US$),,7391614350,7600059825,8275137884,9271706691,9333944068,7574219065,10479471320,11786316703,10723572631,11885231110,,,,,,,,,,,,,,,,,,,,,,,,,,,,,,,,,,,,,,,,,,,,,
X,Merchandise imports by the reporting economy (current US$),,36101387556,37987301080,44248899453,51428560839,51303304301,43053874821,64639175885,79915840407,61311067158,,,,,,,,,,,,,,,,,,,,,,,,,,,,,,,,,,,,,,,,,,,,,,
X,Merchandise imports from low- and middle-income economies in Middle East & North Africa (% of total merchandise imports),,0.965738745,0.906660998,0.527515359,0.538271446,0.838232967,0.901923099,1.194650335,2.532813837,1.360748292,,,,,,,,,,,,,,,,,,,,,,,,,,,,,,,,,,,,,,,,,,,,,,
X,Merchandise imports from low- and middle-income economies outside region (% of total merchandise imports),,43.864096,44.9653321,43.89728237,44.93944528,45.86845765,46.69760664,47.27234555,48.83739637,50.58131913,,,,,,,,,,,,,,,,,,,,,,,,,,,,,,,,,,,,,,,,,,,,,,
X,Ores and metals imports (% of merchandise imports),,2.682702116,3.099198316,3.677035008,3.791819355,,,,,,,,,,,,,,,,,,,,,,,,,,,,,,,,,,,,,,,,,,,,,,,,,,,
X,Fuel imports (% of merchandise imports),,10.86158575,10.53915608,10.42074871,10.12153168,,,,,,,,,,,,,,,,,,,,,,,,,,,,,,,,,,,,,,,,,,,,,,,,,,,
X,"Tariff rate, most favored nation, weighted mean, primary products (%)",,7.33,8.02,,,5.1,6.23,6.21,5.58,,,,,,,,,,,,,,,,,,,,,,,,,,,,,,,,,,,,,,,,,,,,,,,
X,"Bound rate, simple mean, primary products (%)",,178.99,178.99,,,179.79,179.79,179.79,179.79,,,,,,,,,,,,,,,,,,,,,,,,,,,,,,,,,,,,,,,,,,,,,,,
X,"Tariff rate, most favored nation, simple mean, all products (%)",,13.88,13.88,,,14.04,14.04,14.05,14.06,,,,,,,,,,,,,,,,,,,,,,,,,,,,,,,,,,,,,,,,,,,,,,,
X,"Tariff rate, most favored nation, weighted mean, manufactured products (%)",,13.87,12.79,,,11.99,13.86,13.84,13.46,,,,,,,,,,,,,,,,,,,,,,,,,,,,,,,,,,,,,,,,,,,,,,,
X,"Bound rate, simple mean, manufactured products (%)",,69.18,69.18,,,69.82,69.82,69.82,69.82,,,,,,,,,,,,,,,,,,,,,,,,,,,,,,,,,,,,,,,,,,,,,,,
X,"International tourism, expenditures (% of total imports)",,1.814561302,1.750125355,1.985381013,1.840353977,2.16241812,1.160694395,,,,,,,,,,,,,,,,,,,,,,,,,,,,,,,,,,,,,,,,,,,,,,,,,
X,"International tourism, expenditures for passenger transport items (current US$)",,400000000,359000000,524000000,452000000,469000000,265000000,,,,,,,,,,,,,,,,,,,,,,,,,,,,,,,,,,,,,,,,,,,,,,,,,
X,"International tourism, number of departures",,,,,,,,,,,,,,,,,,,,,,,,,,,,,,,,,,,,,,,,,,,,,,,,,,,,,,,,
X,Urban population,,47081010,48043194,48982779,49903270,50830886,51746778,52643565,53650523,55140091,56717264,,,,,,,,,,,,,,,,,,,,,,,,,,,,,,,,,,,,,,,,,,,,,
X,Rural population,,112302169,112768738,113203368,113619833,114082169,114551246,115015289,115734374,116326899,116845100,,,,,,,,,,,,,,,,,,,,,,,,,,,,,,,,,,,,,,,,,,,,,
X,"Completeness of birth registration, rural (%)",,,,,24.9,56.6,,,,,,,,,,,,,,,,,,,,,,,,,,,,,,,,,,,,,,,,,,,,,,,,,,
X,"Population, male",,78528055,79091607,79723871,80431108,81162190,81878880,82572341,83399395,84357711,85343656,,,,,,,,,,,,,,,,,,,,,,,,,,,,,,,,,,,,,,,,,,,,,
X,Technicians in R&D (per million people),,,,,,,,,,,,,,,,,,,,,,,,,,,,,,,,,,,,,,,,,,,,,,,,,,,,,,,,
X,"Age dependency ratio, old (% of working-age population)",,7.670495169,7.880831501,8.132537829,8.423409958,8.73026001,8.990076783,9.197318404,9.424964633,9.676494382,9.919408455,,,,,,,,,,,,,,,,,,,,,,,,,,,,,,,,,,,,,,,,,,,,,
X,"Population ages 80 and above, female (% of female population)",,0.728455379,0.778917607,0.831598439,0.886333871,0.941606991,0.990281902,1.033530414,1.088261943,1.152913342,1.215585701,,,,,,,,,,,,,,,,,,,,,,,,,,,,,,,,,,,,,,,,,,,,,
X,"Population ages 70-74, female (% of female population)",,1.41370323,1.463173941,1.512296968,1.551515874,1.577992657,1.608293384,1.650001785,1.700413974,1.758042332,1.818087724,,,,,,,,,,,,,,,,,,,,,,,,,,,,,,,,,,,,,,,,,,,,,
X,"Population ages 65 and above, male",,3796508,3944054,4111724,4300680,4507051,4691560,4854388,5056247,5291074,5519060,,,,,,,,,,,,,,,,,,,,,,,,,,,,,,,,,,,,,,,,,,,,,
X,"Population ages 65-69, female (% of female population)",,1.923681423,1.974878955,2.03712483,2.110959051,2.189032316,2.239772191,2.250512343,2.248843054,2.25632507,2.273105723,,,,,,,,,,,,,,,,,,,,,,,,,,,,,,,,,,,,,,,,,,,,,
X,"Population ages 55-59, female (% of female population)",,3.537706528,3.621386112,3.639634565,3.588639293,3.528006547,3.465881527,3.411217435,3.423874275,3.500595499,3.584990159,,,,,,,,,,,,,,,,,,,,,,,,,,,,,,,,,,,,,,,,,,,,,
X,"Population ages 45-49, female (% of female population)",,4.985022965,5.08725828,5.159952776,5.179183595,5.165049937,5.113543352,5.015501046,4.965781877,4.989885176,5.028880609,,,,,,,,,,,,,,,,,,,,,,,,,,,,,,,,,,,,,,,,,,,,,
X,"Population ages 35-39, female (% of female population)",,7.097065982,7.174932919,7.191873409,7.186493072,7.28040779,7.472395761,7.702123041,7.821240563,7.760363853,7.589712717,,,,,,,,,,,,,,,,,,,,,,,,,,,,,,,,,,,,,,,,,,,,,
X,"Population ages 25-29, female (% of female population)",,8.626322804,8.582429157,8.537175835,8.525679227,8.610653753,8.825340665,9.14806605,9.389170576,9.457438512,9.436459895,,,,,,,,,,,,,,,,,,,,,,,,,,,,,,,,,,,,,,,,,,,,,
X,"Population ages 15-64, total",,101869851,103501312,104877348,105958585,106964718,107938077,108897252,110260679,111999786,113705228,,,,,,,,,,,,,,,,,,,,,,,,,,,,,,,,,,,,,,,,,,,,,
X,"Population ages 15-64, female",,52403731,53352585,54095059,54639881,55193608,55761294,56335986,57115062,58068002,58960050,,,,,,,,,,,,,,,,,,,,,,,,,,,,,,,,,,,,,,,,,,,,,
X,"Population ages 10-14, female (% of female population)",,10.77782096,10.56507423,10.37603,10.21822914,10.03018715,9.814013335,9.585586031,9.311455731,9.016593399,8.764839313,,,,,,,,,,,,,,,,,,,,,,,,,,,,,,,,,,,,,,,,,,,,,
X,"Population ages 0-14, total",,49699406,49153855,48779610,48639192,48610039,48656232,48745975,48732187,48629551,48578250,,,,,,,,,,,,,,,,,,,,,,,,,,,,,,,,,,,,,,,,,,,,,
X,"Population ages 0-14, female",,24433979,24155029,23949752,23827467,23726009,23645695,23589288,23534657,23494698,23498832,,,,,,,,,,,,,,,,,,,,,,,,,,,,,,,,,,,,,,,,,,,,,
X,Women who were first married by age 18 (% of women ages 20-24),,,,,58.9,51.4,,,,,,,,,,,,,,,,,,,,,,,,,,,,,,,,,,,,,,,,,,,,,,,,,,
X,"Survival to age 65, male (% of cohort)",,69.295377,70.266407,71.29704,72.336994,73.327263,71.633352,70.643162,75.828007,76.856421,,,,,,,,,,,,,,,,,,,,,,,,,,,,,,,,,,,,,,,,,,,,,,
X,"Life expectancy at birth, total (years)",,70.543,71.075,71.606,72.122,72.625,71.421,71.103,74.265,74.672,,,,,,,,,,,,,,,,,,,,,,,,,,,,,,,,,,,,,,,,,,,,,,
X,"Mortality rate, infant, female (per 1,000 live births)",,27.9,26.7,25.6,24.6,23.7,23.2,22.8,22.7,22.6,,,,,,,,,,,,,,,,,,,,,,,,,,,,,,,,,,,,,,,,,,,,,,
X,"Birth rate, crude (per 1,000 people)",,20.254,20.226,19.991,20.069,20.131,20.289,20.414,20.583,20.353,,,,,,,,,,,,,,,,,,,,,,,,,,,,,,,,,,,,,,,,,,,,,,
X,Vitamin A supplementation coverage rate (% of children ages 6-59 months),,99,99,99,0,99,97,96,0,99,,,,,,,,,,,,,,,,,,,,,,,,,,,,,,,,,,,,,,,,,,,,,,
X,Prevalence of undernourishment (% of population),,15.2,14.4,13.4,12,10.9,10.8,10.3,10.6,10.4,,,,,,,,,,,,,,,,,,,,,,,,,,,,,,,,,,,,,,,,,,,,,,
X,Proportion of population pushed into poverty (based on the societal poverty line) due to out-of-pocket health expenditure (%),,,,,,,,,,,,,,,,,,,,,,,,,,,,,,,,,,,,,,,,,,,,,,,,,,,,,,,,
X,Proportion of population facing financial hardship due to out-of-pocket health expenditure (%),,,35.76,,,,,,41.7,,,,,,,,,,,,,,,,,,,,,,,,,,,,,,,,,,,,,,,,,,,,,,,
X,"Out-of-pocket expenditure per capita, PPP (current international $)",,69.55995793,78.22472931,81.01041247,89.87847373,98.36384118,111.5829432,128.4404694,146.5038791,157.44056,,,,,,,,,,,,,,,,,,,,,,,,,,,,,,,,,,,,,,,,,,,,,,
X,Domestic general government health expenditure per capita (current US$),,5.67753408,7.82326509,8.95284991,9.39170455,7.65134365,7.99174165,9.60347392,8.73902363,7.74334032,,,,,,,,,,,,,,,,,,,,,,,,,,,,,,,,,,,,,,,,,,,,,,
X,"External health expenditure per capita, PPP (current international $)",,7.449401916,6.742900156,6.993022861,7.415013196,4.888298211,5.888914452,6.971057397,6.821739639,6.947669047,,,,,,,,,,,,,,,,,,,,,,,,,,,,,,,,,,,,,,,,,,,,,,
X,Current health expenditure per capita (current US$),,33.20998764,39.30647659,42.17510986,44.78892899,45.07677078,49.0274353,56.09640121,56.62142181,53.46432495,,,,,,,,,,,,,,,,,,,,,,,,,,,,,,,,,,,,,,,,,,,,,,
X,"Tuberculosis case detection rate (%, all forms)",,59,62,68,74,80,63,83,70,80,82,,,,,,,,,,,,,,,,,,,,,,,,,,,,,,,,,,,,,,,,,,,,,
X,"Prevalence of severe wasting, weight for height, female (% of children under 5)",,2,,,1.3,2,,,1.8,,,,,,,,,,,,,,,,,,,,,,,,,,,,,,,,,,,,,,,,,,,,,,,
X,"Mortality rate attributed to unsafe water, unsafe sanitation and lack of hygiene (per 100,000 population)",,,,,,18.2,,,,,,,,,,,,,,,,,,,,,,,,,,,,,,,,,,,,,,,,,,,,,,,,,,
X,"Suicide mortality rate, female (per 100,000 female population)",,2.26,2.23,2.27,2.2,2.24,1.98,2,,,,,,,,,,,,,,,,,,,,,,,,,,,,,,,,,,,,,,,,,,,,,,,,
X,"Prevalence of stunting, height for age, female (modeled estimate, % of children under 5)",,33.6,32.2,30.6,29.1,27.7,26.6,25.7,25.2,24.8,24.4,,,,,,,,,,,,,,,,,,,,,,,,,,,,,,,,,,,,,,,,,,,,,
X,"People using safely managed sanitation services, urban (% of urban population)",,25.74556519,26.27987083,26.81942433,27.36422568,27.91427488,28.46957193,29.03011682,29.59590958,30.16695018,30.74323863,,,,,,,,,,,,,,,,,,,,,,,,,,,,,,,,,,,,,,,,,,,,,
X,"Mortality rate attributed to unintentional poisoning (per 100,000 population)",,0.16,0.15,0.15,0.13,0.13,0.13,0.12,,,,,,,,,,,,,,,,,,,,,,,,,,,,,,,,,,,,,,,,,,,,,,,,
X,"Prevalence of overweight, weight for height, female (modeled estimate, % of children under 5)",,1.7,1.8,1.8,1.8,1.8,1.8,1.7,1.7,1.6,1.5,,,,,,,,,,,,,,,,,,,,,,,,,,,,,,,,,,,,,,,,,,,,,
X,Diarrhea treatment (% of children under 5 receiving oral rehydration and continued feeding),,,,,61.6,50.9,,,,,,,,,,,,,,,,,,,,,,,,,,,,,,,,,,,,,,,,,,,,,,,,,,
X,"Maternal mortality ratio (national estimate, per 100,000 live births)",,195.862,,172,169,165,163,,,,,,,,,,,,,,,,,,,,,,,,,,,,,,,,,,,,,,,,,,,,,,,,,
X,"Prevalence of underweight, weight for age, female (% of children under 5)",,,,,22.1,22.9,,,21.8,,,,,,,,,,,,,,,,,,,,,,,,,,,,,,,,,,,,,,,,,,,,,,,
X,Female genital mutilation prevalence (%),,,,,,,,,,,,,,,,,,,,,,,,,,,,,,,,,,,,,,,,,,,,,,,,,,,,,,,,
X,Exclusive breastfeeding (% of children under 6 months),,,,,64.95393,62.60072,,,,,,,,,,,,,,,,,,,,,,,,,,,,,,,,,,,,,,,,,,,,,,,,,,
X,ARI treatment (% of children under 5 taken to a health provider),,,,,40.3,46.4,,,,,,,,,,,,,,,,,,,,,,,,,,,,,,,,,,,,,,,,,,,,,,,,,,
X,"Mortality rate attributed to household and ambient air pollution, age-standardized, female (per 100,000 female population)",,,,,,130.5,,,,,,,,,,,,,,,,,,,,,,,,,,,,,,,,,,,,,,,,,,,,,,,,,,
X,"Prevalence of current tobacco use, males (% of male adults)",,55.5,,,,,51.7,51.3,50.5,,,,,,,,,,,,,,,,,,,,,,,,,,,,,,,,,,,,,,,,,,,,,,,
X,Lifetime risk of maternal death (%),,0.474432965,0.442118125,0.408043916,0.383423809,0.359171966,0.349505915,0.444685296,0.301794246,0.262810155,,,,,,,,,,,,,,,,,,,,,,,,,,,,,,,,,,,,,,,,,,,,,,
X,Use of insecticide-treated bed nets (% of under-5 population),,,,,,,,,,,,,,,,,,,,,,,,,,,,,,,,,,,,,,,,,,,,,,,,,,,,,,,,
X,"Nurses and midwives (per 1,000 people)",,0.26,0.259,0.304,0.466,0.477,0.548,0.619,0.622,0.664,,,,,,,,,,,,,,,,,,,,,,,,,,,,,,,,,,,,,,,,,,,,,,
X,"Immunization, DPT (% of children ages 12-23 months)",,98,98,98,98,98,97,97,97,97,97,,,,,,,,,,,,,,,,,,,,,,,,,,,,,,,,,,,,,,,,,,,,,
X,"Incidence of HIV, ages 15-24 (per 1,000 uninfected population ages 15-24)",,0.01,0.01,0.01,0.01,0.01,0.01,0.01,0.01,0.01,0.01,,,,,,,,,,,,,,,,,,,,,,,,,,,,,,,,,,,,,,,,,,,,,
X,Children (ages 0-14) newly infected with HIV,,,,,,,,,,,,,,,,,,,,,,,,,,,,,,,,,,,,,,,,,,,,,,,,,,,,,,,,
X,"Prevalence of HIV, female (% ages 15-24)",,0.1,0.1,0.1,0.1,0.1,0.1,0.1,0.1,0.1,0.1,,,,,,,,,,,,,,,,,,,,,,,,,,,,,,,,,,,,,,,,,,,,,
X,"People using safely managed drinking water services, rural (% of rural population)",,61.30851618,61.47317168,61.63800978,61.8030305,61.96823382,62.13361976,62.2991883,62.39400859,62.44982072,62.50552364,,,,,,,,,,,,,,,,,,,,,,,,,,,,,,,,,,,,,,,,,,,,,
X,Demand for family planning satisfied by modern methods (% of married women with demand for family planning),,,,,70.3,,,,73.9,,,,,,,,,,,,,,,,,,,,,,,,,,,,,,,,,,,,,,,,,,,,,,,
X,"Mortality from CVD, cancer, diabetes or CRD between exact ages 30 and 70, female (%)",,16.8,16.8,16.9,16.8,16.8,16.2,16.3,,,,,,,,,,,,,,,,,,,,,,,,,,,,,,,,,,,,,,,,,,,,,,,,
X,"Prevalence of HIV, total (% of population ages 15-49)",,0.1,0.1,0.1,0.1,0.1,0.1,0.1,0.1,0.1,0.1,,,,,,,,,,,,,,,,,,,,,,,,,,,,,,,,,,,,,,,,,,,,,
X,"Probability of dying among adolescents ages 10-14 years (per 1,000)",,2.6,2.5,2.5,2.4,2.3,2.3,2.2,2.1,2.1,,,,,,,,,,,,,,,,,,,,,,,,,,,,,,,,,,,,,,,,,,,,,,
X,Number of under-five deaths,,124345,118859,113521,109098,106189,104622,104163,104787,105531,,,,,,,,,,,,,,,,,,,,,,,,,,,,,,,,,,,,,,,,,,,,,,
X,Number of deaths ages 20-24 years,,15083,14425,14049,14008,14141,14261,14210,14162,14108,,,,,,,,,,,,,,,,,,,,,,,,,,,,,,,,,,,,,,,,,,,,,,
X,"Condom use, population ages 15-24, male (% of males ages 15-24)",,,,,,,,,,,,,,,,,,,,,,,,,,,,,,,,,,,,,,,,,,,,,,,,,,,,,,,,
X,Prevalence of anemia among women of reproductive age (% of women ages 15-49),,34.8,35,35.2,35.4,35.7,36,36.3,36.9,37.6,,,,,,,,,,,,,,,,,,,,,,,,,,,,,,,,,,,,,,,,,,,,,,
X,Women who believe a husband is justified in beating his wife when she refuses sex with him (%),,,,,2.9,,,,,,,,,,,,,,,,,,,,,,,,,,,,,,,,,,,,,,,,,,,,,,,,,,,
X,Women who believe a husband is justified in beating his wife when she burns the food (%),,,,,1.2,,,,,,,,,,,,,,,,,,,,,,,,,,,,,,,,,,,,,,,,,,,,,,,,,,,
X,"Proportion of time spent on unpaid domestic and care work, female (% of 24 hour day)",,,,,,,,,,,,,,,,,,,,,,,,,,,,,,,,,,,,,,,,,,,,,,,,,,,,,,,,
X,"Women participating in the three decisions (own health care, major household purchases, and visiting family) (% of women age 15-49)",,,,,59.4,,,,,,,,,,,,,,,,,,,,,,,,,,,,,,,,,,,,,,,,,,,,,,,,,,,
X,"Government expenditure per student, tertiary (% of GDP per capita)",,,29.90388,,,,,,,,,,,,,,,,,,,,,,,,,,,,,,,,,,,,,,,,,,,,,,,,,,,,,
X,"Government expenditure per student, primary (% of GDP per capita)",,,,,,,,,,,,,,,,,,,,,,,,,,,,,,,,,,,,,,,,,,,,,,,,,,,,,,,,
X,"Current education expenditure, primary (% of total expenditure in primary public institutions)",,,,,,,,,,,,,,,,,,,,,,,,,,,,,,,,,,,,,,,,,,,,,,,,,,,,,,,,
X,"School enrollment, tertiary (% gross)",,15.57399262,17.39852074,18.51756044,19.57104925,22.70946425,22.69230196,23.90068223,23.50050599,24.20034427,23.7295608,,,,,,,,,,,,,,,,,,,,,,,,,,,,,,,,,,,,,,,,,,,,,
X,"Incidence of tuberculosis (per 100,000 people)",,221,221,221,221,221,221,221,221,221,221,,,,,,,,,,,,,,,,,,,,,,,,,,,,,,,,,,,,,,,,,,,,,
X,"Prevalence of severe wasting, weight for height, male (% of children under 5)",,2,,,1.6,2.5,,,1.6,,,,,,,,,,,,,,,,,,,,,,,,,,,,,,,,,,,,,,,,,,,,,,,
X,"Prevalence of wasting, weight for height, female (% of children under 5)",,9,,,7.6,9.2,,,11.1,,,,,,,,,,,,,,,,,,,,,,,,,,,,,,,,,,,,,,,,,,,,,,,
X,"Suicide mortality rate, male (per 100,000 male population)",,3.69,3.75,3.93,3.94,3.95,3.66,3.65,,,,,,,,,,,,,,,,,,,,,,,,,,,,,,,,,,,,,,,,,,,,,,,,
X,"Prevalence of stunting, height for age, male (modeled estimate, % of children under 5)",,34.8,33.4,31.9,30.5,29.1,27.9,27.1,26.5,26.2,25.7,,,,,,,,,,,,,,,,,,,,,,,,,,,,,,,,,,,,,,,,,,,,,
X,People using safely managed sanitation services (% of population),,25.18277868,26.47888915,27.80018622,29.14596246,30.51548818,31.90800909,33.32288589,34.7594829,36.20049998,37.32049791,,,,,,,,,,,,,,,,,,,,,,,,,,,,,,,,,,,,,,,,,,,,,
X,"Mortality rate attributed to unintentional poisoning, female (per 100,000 female population)",,0.096,0.094,0.098,0.094,0.097,0.096,0.1,,,,,,,,,,,,,,,,,,,,,,,,,,,,,,,,,,,,,,,,,,,,,,,,
X,"Prevalence of overweight, weight for height, male (modeled estimate, % of children under 5)",,2,2.1,2.1,2.1,2.1,2.1,2,1.9,1.8,1.7,,,,,,,,,,,,,,,,,,,,,,,,,,,,,,,,,,,,,,,,,,,,,
X,Diarrhea treatment (% of children under 5 who received ORS packet),,,,,83.3,72.4,,,,,,,,,,,,,,,,,,,,,,,,,,,,,,,,,,,,,,,,,,,,,,,,,,
X,"People practicing open defecation, rural (% of rural population)",,4.67263028,3.697113163,2.721596047,1.746078931,0.770561815,0,0,0,0,0,,,,,,,,,,,,,,,,,,,,,,,,,,,,,,,,,,,,,,,,,,,,,
X,"Prevalence of underweight, weight for age, male (% of children under 5)",,,,,21.7,22.4,,,21.5,,,,,,,,,,,,,,,,,,,,,,,,,,,,,,,,,,,,,,,,,,,,,,,
X,"People with basic handwashing facilities including soap and water, rural (% of rural population)",,34.3137848,37.84138292,41.36898104,44.89657916,48.42417728,51.9517754,55.47937352,59.00697164,62.53456975,66.06216787,,,,,,,,,,,,,,,,,,,,,,,,,,,,,,,,,,,,,,,,,,,,,
X,Births attended by skilled health staff (% of total),,,49.8,67.8,52.7,59,,,,,,,,,,,,,,,,,,,,,,,,,,,,,,,,,,,,,,,,,,,,,,,,,,
X,"People using at least basic sanitation services, rural (% of rural population)",,46.75514472,48.94742515,51.17116948,53.42637772,55.71304987,58.03118593,60.3807859,62.76184977,65.17437755,67.61836924,,,,,,,,,,,,,,,,,,,,,,,,,,,,,,,,,,,,,,,,,,,,,
X,"Mortality rate attributed to household and ambient air pollution, age-standardized, male (per 100,000 male population)",,,,,,156.9,,,,,,,,,,,,,,,,,,,,,,,,,,,,,,,,,,,,,,,,,,,,,,,,,,
X,Risk of catastrophic expenditure for surgical care (% of people at risk),,72.3,70.3,66.1,61.6,60.5,61.1,56.8,51,,,,,,,,,,,,,,,,,,,,,,,,,,,,,,,,,,,,,,,,,,,,,,,
X,Prevalence of anemia among pregnant women (%),,41.2,40.8,40.3,39.9,39.5,39.1,38.7,38.6,38.6,,,,,,,,,,,,,,,,,,,,,,,,,,,,,,,,,,,,,,,,,,,,,,
X,Children with fever receiving antimalarial drugs (% of children under age 5 with fever),,,,,,,,,,,,,,,,,,,,,,,,,,,,,,,,,,,,,,,,,,,,,,,,,,,,,,,,
X,"Physicians (per 1,000 people)",,0.476,0.489,0.535,0.573,0.63,0.661,0.677,0.717,0.722,,,,,,,,,,,,,,,,,,,,,,,,,,,,,,,,,,,,,,,,,,,,,,
X,"Immunization, measles (% of children ages 12-23 months)",,97,97,97,97,97,97,97,96,96,96,,,,,,,,,,,,,,,,,,,,,,,,,,,,,,,,,,,,,,,,,,,,,
X,"Incidence of HIV, ages 15-49 (per 1,000 uninfected population ages 15-49)",,0.1,0.1,0.1,0.1,0.1,0.1,0.1,0.1,0.1,0.1,,,,,,,,,,,,,,,,,,,,,,,,,,,,,,,,,,,,,,,,,,,,,
X,Adults (ages 15+) and children (ages 0-14) newly infected with HIV,,1300,1300,1300,1200,1200,1200,1200,1200,1200,1200,,,,,,,,,,,,,,,,,,,,,,,,,,,,,,,,,,,,,,,,,,,,,
X,"Prevalence of HIV, male (% ages 15-24)",,0.1,0.1,0.1,0.1,0.1,0.1,0.1,0.1,0.1,0.1,,,,,,,,,,,,,,,,,,,,,,,,,,,,,,,,,,,,,,,,,,,,,
X,"People using safely managed drinking water services, urban (% of urban population)",,47.10634727,48.28922783,49.47332824,50.6586485,51.84518861,53.03294857,54.22192839,54.25041097,54.27889355,54.30737613,,,,,,,,,,,,,,,,,,,,,,,,,,,,,,,,,,,,,,,,,,,,,
X,"People using at least basic drinking water services, rural (% of rural population)",,96.90281725,97.13777821,97.37293185,97.60827817,97.84381717,98.07954884,98.31547319,98.51645441,98.655968,98.79540083,,,,,,,,,,,,,,,,,,,,,,,,,,,,,,,,,,,,,,,,,,,,,
X,"Mortality from CVD, cancer, diabetes or CRD between exact ages 30 and 70, male (%)",,21.4,21.4,21.8,21.7,21.6,21.5,19.8,,,,,,,,,,,,,,,,,,,,,,,,,,,,,,,,,,,,,,,,,,,,,,,,
X,"Mortality rate, under-5 (per 1,000 live births)",,38.8,36.9,35.2,33.7,32.4,31.5,31,30.7,30.6,,,,,,,,,,,,,,,,,,,,,,,,,,,,,,,,,,,,,,,,,,,,,,
X,"Probability of dying among adolescents ages 15-19 years (per 1,000)",,5.7,5.9,6,6,5.9,5.7,5.6,5.5,5.3,,,,,,,,,,,,,,,,,,,,,,,,,,,,,,,,,,,,,,,,,,,,,,
X,"Cause of death, by non-communicable diseases (% of total)",,63.70385148,,,,70.25567178,,,,,,,,,,,,,,,,,,,,,,,,,,,,,,,,,,,,,,,,,,,,,,,,,,
X,"Cause of death, by communicable diseases and maternal, prenatal and nutrition conditions (% of total)",,28.80766308,,,,22.61283722,,,,,,,,,,,,,,,,,,,,,,,,,,,,,,,,,,,,,,,,,,,,,,,,,,
X,Number of deaths ages 5-9 years,,11293,10580,10085,9688,9283,8884,8500,8136,7801,,,,,,,,,,,,,,,,,,,,,,,,,,,,,,,,,,,,,,,,,,,,,,
X,Prevalence of anemia among children (% of children ages 6-59 months),,43.8,43.5,43.3,43.1,43.1,,,,,,,,,,,,,,,,,,,,,,,,,,,,,,,,,,,,,,,,,,,,,,,,,,
X,"Total alcohol consumption per capita, female (liters of pure alcohol, projected estimates, female 15+ years of age)",,0.001,0.001,0.001,0.001,0.001,0.022,,,,,,,,,,,,,,,,,,,,,,,,,,,,,,,,,,,,,,,,,,,,,,,,,
X,Women who believe a husband is justified in beating his wife when she goes out without telling him (%),,,,,7.7,,,,,,,,,,,,,,,,,,,,,,,,,,,,,,,,,,,,,,,,,,,,,,,,,,,
X,"Proportion of time spent on unpaid domestic and care work, male (% of 24 hour day)",,,,,,,,,,,,,,,,,,,,,,,,,,,,,,,,,,,,,,,,,,,,,,,,,,,,,,,,
X,"Women making their own informed decisions regarding sexual relations, contraceptive use and reproductive health care (% of women age 15-49)",,,,,63.8,,,,,,,,,,,,,,,,,,,,,,,,,,,,,,,,,,,,,,,,,,,,,,,,,,,
X,Expenditure on tertiary education (% of government expenditure on education),,,33.27739,,,,,,,,,,,,,,,,,,,,,,,,,,,,,,,,,,,,,,,,,,,,,,,,,,,,,
X,Expenditure on primary education (% of government expenditure on education),,,,,,,,,,,,,,,,,,,,,,,,,,,,,,,,,,,,,,,,,,,,,,,,,,,,,,,,
X,"Current education expenditure, secondary (% of total expenditure in secondary public institutions)",,,72.8215332,,,56.4992485,57.16712952,,,,,,,,,,,,,,,,,,,,,,,,,,,,,,,,,,,,,,,,,,,,,,,,,
X,"School enrollment, tertiary, female (% gross)",,12.78056035,14.05723758,15.00245722,15.64170205,18.0053333,18.97959423,19.9823404,19.7358288,20.80521721,20.79204883,,,,,,,,,,,,,,,,,,,,,,,,,,,,,,,,,,,,,,,,,,,,,
X,"Educational attainment, at least completed short-cycle tertiary, population 25+, male (%) (cumulative)",,11.63000011,11.98999977,12.52000046,12.97999954,13.43999958,,13.42000008,11.01128329,10.82697341,,,,,,,,,,,,,,,,,,,,,,,,,,,,,,,,,,,,,,,,,,,,,,
X,"Educational attainment, at least Master's or equivalent, population 25+, female (%) (cumulative)",,2.089999914,2.200000048,2.440000057,2.660000086,2.869999886,,2.329999924,2.383084743,2.398887836,,,,,,,,,,,,,,,,,,,,,,,,,,,,,,,,,,,,,,,,,,,,,,
X,"Educational attainment, at least Bachelor's or equivalent, population 25+, total (%) (cumulative)",,8.239999771,8.510000229,8.979999542,9.359999657,9.760000229,,9.789999962,7.571194344,7.502813623,,,,,,,,,,,,,,,,,,,,,,,,,,,,,,,,,,,,,,,,,,,,,,
X,"Adolescents out of school, male (% of male lower secondary school age)",,,,19.48688829,,,,27.61342097,32.54033253,33.75737033,34.06854837,,,,,,,,,,,,,,,,,,,,,,,,,,,,,,,,,,,,,,,,,,,,,
X,"Secondary education, teachers",,,436223.9743,450665.8182,452193,,486733,550527,554915,546754,571690,,,,,,,,,,,,,,,,,,,,,,,,,,,,,,,,,,,,,,,,,,,,,
X,"Human capital index plus (HCI+): education pillar score, male (scale 0–188)",,66.42658423,,,,,71.05041691,,,,,76.71511736,,,,,,,,,,,,,,,,,,,,,,,,,,,,,,,,,,,,,,,,,,,,
X,"Government Effectiveness: Percentile Rank, Upper Bound of 90% Confidence Interval",,36.66666794,37.61904907,34.76190567,38.09523773,36.66666794,38.09523773,41.42856979,35.84905624,40.09434128,,,,,,,,,,,,,,,,,,,,,,,,,,,,,,,,,,,,,,,,,,,,,,
X,Government Effectiveness: Estimate,,-0.752009571,-0.705847561,-0.752013147,-0.762283683,-0.753539622,-0.779491305,-0.653351545,-0.763355315,-0.697334111,,,,,,,,,,,,,,,,,,,,,,,,,,,,,,,,,,,,,,,,,,,,,,
X,Expense (current LCU),,1.37E+12,1.63E+12,1.78E+12,1.98E+12,2.44E+12,2.58E+12,2.94E+12,,,,,,,,,,,,,,,,,,,,,,,,,,,,,,,,,,,,,,,,,,,,,,,,
X,Interest payments (% of revenue),,20.42658856,18.45908157,18.70045463,18.07224021,19.04003589,21.09036424,20.8277384,,,,,,,,,,,,,,,,,,,,,,,,,,,,,,,,,,,,,,,,,,,,,,,,
X,Compensation of employees (% of expense),,21.58127295,25.15056642,29.03607873,25.98845194,23.01714414,22.43555005,20.31543717,,,,,,,,,,,,,,,,,,,,,,,,,,,,,,,,,,,,,,,,,,,,,,,,
X,"Taxes on income, profits and capital gains (current LCU)",,4.07E+11,4.51E+11,4.60E+11,6.02E+11,6.69E+11,7.54E+11,8.73E+11,,,,,,,,,,,,,,,,,,,,,,,,,,,,,,,,,,,,,,,,,,,,,,,,
X,Other taxes (current LCU),,46781700000,50840000000,46777700000,56650400000,56134967081,43018500000,43326712240,,,,,,,,,,,,,,,,,,,,,,,,,,,,,,,,,,,,,,,,,,,,,,,,
X,Customs and other import duties (current LCU),,3.60E+11,4.39E+11,1.91E+11,2.30E+11,2.43E+11,2.37E+11,3.16E+11,,,,,,,,,,,,,,,,,,,,,,,,,,,,,,,,,,,,,,,,,,,,,,,,
X,Taxes on exports (% of tax revenue),,0.003035286,0.019751656,0.013305862,0.016602907,0.050812919,0.034863253,0.000218306,,,,,,,,,,,,,,,,,,,,,,,,,,,,,,,,,,,,,,,,,,,,,,,,
X,Social contributions (% of revenue),,,,,,,,,,,,,,,,,,,,,,,,,,,,,,,,,,,,,,,,,,,,,,,,,,,,,,,,
X,Net lending (+) / net borrowing (-) (% of GDP),,-1.338073112,-1.221733414,-2.939682844,-3.536179869,-3.928797333,-3.947145177,-2.822106705,,,,,,,,,,,,,,,,,,,,,,,,,,,,,,,,,,,,,,,,,,,,,,,,
X,"Net incurrence of liabilities, total (% of GDP)",,3.709603818,3.068568867,3.530481255,4.337178077,4.690084818,7.292610993,4.284783026,,,,,,,,,,,,,,,,,,,,,,,,,,,,,,,,,,,,,,,,,,,,,,,,
X,Net acquisition of financial assets (% of GDP),,2.409900025,1.932295611,0.148751421,0.454749593,0.714928381,3.345245975,1.462587832,,,,,,,,,,,,,,,,,,,,,,,,,,,,,,,,,,,,,,,,,,,,,,,,
X,"Account ownership at a financial institution or with a mobile-money-service provider, young adults (% of population ages 15-24)",,,,40.99321375,,,,47.79931484,,,38.72815031,,,,,,,,,,,,,,,,,,,,,,,,,,,,,,,,,,,,,,,,,,,,,
X,"Account ownership at a financial institution or with a mobile-money-service provider, male (% of population ages 15+)",,,,64.58615499,,,,62.86245718,,,53.51102842,,,,,,,,,,,,,,,,,,,,,,,,,,,,,,,,,,,,,,,,,,,,,
X,Domestic credit to private sector (% of GDP),,44.40697181,37.79864267,40.44895614,40.02473659,39.03447094,39.16105924,39.08201633,38.95556843,37.64138023,35.81117158,,,,,,,,,,,,,,,,,,,,,,,,,,,,,,,,,,,,,,,,,,,,,
X,"Risk premium on lending (lending rate minus treasury bill rate, %)",,5.948572222,7.020241667,6.188541667,7.278071667,3.836152778,3.527705556,6.006444444,2.090607316,-0.14325,-1.667083333,,,,,,,,,,,,,,,,,,,,,,,,,,,,,,,,,,,,,,,,,,,,,
X,Deposit interest rate (%),,8.244166667,6.199166667,5.605833333,6.6575,6.775,6.0675,5.045,5.555229392,6.518333333,8.519081017,,,,,,,,,,,,,,,,,,,,,,,,,,,,,,,,,,,,,,,,,,,,,
X,Broad money growth (annual %),,14.892336,16.69775713,13.73939573,11.50616873,11.90526568,13.08488534,9.175709444,7.502298439,7.013254294,6.131001503,,,,,,,,,,,,,,,,,,,,,,,,,,,,,,,,,,,,,,,,,,,,,
X,Claims on private sector (annual growth as % of broad money),,10.04062626,11.40429895,13.62992744,8.952910845,6.614467216,5.527466224,7.539641435,8.379376299,6.662789308,4.395119333,,,,,,,,,,,,,,,,,,,,,,,,,,,,,,,,,,,,,,,,,,,,,
X,Claims on other sectors of the domestic economy (annual growth as % of broad money),,10.02160271,11.7864662,13.65815555,9.790535938,7.348390704,5.683642096,7.628695457,8.95638923,7.019874741,4.384602603,,,,,,,,,,,,,,,,,,,,,,,,,,,,,,,,,,,,,,,,,,,,,
X,Total reserves (% of total external debt),,70.91156417,77.66278268,65.46427768,56.06674169,52.34162454,58.69644028,50.46649395,34.81087223,21.5641144,20.47605829,,,,,,,,,,,,,,,,,,,,,,,,,,,,,,,,,,,,,,,,,,,,,
X,"Depositors with commercial banks (per 1,000 adults)",,655.3653129,695.6258694,727.4033984,782.301337,840.5983833,896.8956989,943.9184247,983.2022012,1061.134702,,,,,,,,,,,,,,,,,,,,,,,,,,,,,,,,,,,,,,,,,,,,,,
X,"Automated teller machines (ATMs) (per 100,000 adults)",,7.115794741,8.023731349,8.319862697,8.85068979,9.322364046,10.39124591,11.2647702,12.56443663,13.56426797,,,,,,,,,,,,,,,,,,,,,,,,,,,,,,,,,,,,,,,,,,,,,,
X,Terrestrial protected areas (% of total land area),,4.6,4.6,4.6,4.6,4.6,4.6,4.6,4.6,4.6,4.2,,,,,,,,,,,,,,,,,,,,,,,,,,,,,,,,,,,,,,,,,,,,,
X,"Annual freshwater withdrawals, total (billion cubic meters)",,35.87,35.87,35.87,35.87,35.87,35.87,35.87,35.87,,,,,,,,,,,,,,,,,,,,,,,,,,,,,,,,,,,,,,,,,,,,,,,
X,"Annual freshwater withdrawals, agriculture (% of total freshwater withdrawal)",,87.81711737,87.81711737,87.81711737,87.81711737,87.81711737,87.81711737,87.81711737,87.81711737,,,,,,,,,,,,,,,,,,,,,,,,,,,,,,,,,,,,,,,,,,,,,,,
X,Aquaculture production (metric tons),,2060408,2203554,2333402,2405516,2488800,2584256,2639185,2731563,2852572,,,,,,,,,,,,,,,,,,,,,,,,,,,,,,,,,,,,,,,,,,,,,,
X,Population in largest city,,17597177,18234249,18894385,19578421,20283552,21005860,21741090,22478117,23209616,23935652,24652864,,,,,,,,,,,,,,,,,,,,,,,,,,,,,,,,,,,,,,,,,,,,
X,Rural population living in areas where elevation is below 5 meters (% of total population),,2.317001578,,,,,,,,,,,,,,,,,,,,,,,,,,,,,,,,,,,,,,,,,,,,,,,,,,,,,,
X,Total greenhouse gas emissions excluding LULUCF (% change from 1990),,137.0130018,148.6958844,161.0376029,167.8335081,174.7856747,170.7769668,192.9769147,197.8041923,188.2606228,194.9291147,,,,,,,,,,,,,,,,,,,,,,,,,,,,,,,,,,,,,,,,,,,,,
X,Nitrous oxide (N2O) emissions from Power Industry (Energy) (Mt CO2e),,0.0347,0.0389,0.0421,0.0484,0.0455,0.0446,0.0683,0.0815,0.0835,0.0919,,,,,,,,,,,,,,,,,,,,,,,,,,,,,,,,,,,,,,,,,,,,,
X,Nitrous oxide (N2O) emissions from Fugitive Emissions (Energy) (Mt CO2e),,0.0045,0.0044,0.0043,0.0043,0.0043,0.0042,0.0043,0.0042,0.0041,0.0041,,,,,,,,,,,,,,,,,,,,,,,,,,,,,,,,,,,,,,,,,,,,,
X,Carbon dioxide (CO2) emissions (total) excluding LULUCF (% change from 1990),,478.6226045,536.5009819,584.2385048,612.2794068,640.3142141,605.1053024,697.5099885,718.4851358,705.7770705,741.0015575,,,,,,,,,,,,,,,,,,,,,,,,,,,,,,,,,,,,,,,,,,,,,
X,Carbon intensity of GDP (kg CO2e per constant 2015 US$ of GDP),,0.437851318,0.449662035,0.453499876,0.439887645,0.423797916,0.390188564,0.412688029,0.395464734,0.368068264,0.368591757,,,,,,,,,,,,,,,,,,,,,,,,,,,,,,,,,,,,,,,,,,,,,
X,Carbon dioxide (CO2) net fluxes from LULUCF - Organic Soil (Mt CO2e),,0,0,0,0,0,0,,,,,,,,,,,,,,,,,,,,,,,,,,,,,,,,,,,,,,,,,,,,,,,,,
X,Carbon dioxide (CO2) net fluxes from LULUCF - Deforestation (Mt CO2e),,0.8199,0.8199,0.8199,0.8199,0.8199,0.8199,0.8199,0.8199,0.8199,,,,,,,,,,,,,,,,,,,,,,,,,,,,,,,,,,,,,,,,,,,,,,
X,Carbon dioxide (CO2) emissions from Building (Energy) (Mt CO2e),,10.8206,12.126,12.5797,13.2679,13.5425,11.8183,12.2741,11.9453,11.0737,11.4379,,,,,,,,,,,,,,,,,,,,,,,,,,,,,,,,,,,,,,,,,,,,,
X,"Net official flows from UN agencies, UNHCR (current US$)",,,,,,,93.00000238,,,2698800.087,,,,,,,,,,,,,,,,,,,,,,,,,,,,,,,,,,,,,,,,,,,,,,
X,"Net official flows from UN agencies, SPRP (current US$)",,,,,,,,2882299.9,240746.0064,,,,,,,,,,,,,,,,,,,,,,,,,,,,,,,,,,,,,,,,,,,,,,,
X,"PPG, private creditors (NFL, US$)",,-27235000,61851000,110873000,157739000,132498000,163781000,570885000,-367636000,-339670000,-547122000,,,,,,,,,,,,,,,,,,,,,,,,,,,,,,,,,,,,,,,,,,,,,
X,"Commercial banks and other lending (PPG + PNG) (NFL, current US$)",,233722000,-256636000,299338000,1838613000,-321473000,720772000,2644526000,318940000,1235431000,-225841000,,,,,,,,,,,,,,,,,,,,,,,,,,,,,,,,,,,,,,,,,,,,,
X,"IFC, private nonguaranteed (NFL, US$)",,111642363,54446223,32805246,133654335,-50983527,62104012,-129501504,-51444583,42541191.39,38025202.45,,,,,,,,,,,,,,,,,,,,,,,,,,,,,,,,,,,,,,,,,,,,,
X,"Net financial flows, IBRD (NFL, current US$)",,,,,,,,,,,,,,,,,,,,,,,,,,,,,,,,,,,,,,,,,,,,,,,,,,,,,,,,
X,"Net official flows from UN agencies, IFAD (current US$)",,27059179.31,42216526.03,27037046.43,14593912.12,19100284.58,27365810.39,34097999.57,71008148.19,20956150.05,,,,,,,,,,,,,,,,,,,,,,,,,,,,,,,,,,,,,,,,,,,,,,
X,"Net official flows from UN agencies, CERF (current US$)",,,,24164854.05,18002519.61,15343758.58,15092000.01,13975000.38,14000000,18000000,,,,,,,,,,,,,,,,,,,,,,,,,,,,,,,,,,,,,,,,,,,,,,
X,"Present value of external debt (% of exports of goods, services and primary income)",,,,,,,,,,,105.7320594,,,,,,,,,,,,,,,,,,,,,,,,,,,,,,,,,,,,,,,,,,,,,
X,"PPG, IBRD (DOD, current US$)",,,,,,,,,,,,,,,,,,,,,,,,,,,,,,,,,,,,,,,,,,,,,,,,,,,,,,,,
X,"External debt stocks, short-term (DOD, current US$)",,6630821000,7834619000,10764940000,9029402000,9737331000,10986456000,18088196000,18530070000,14231110000,12945219000,,,,,,,,,,,,,,,,,,,,,,,,,,,,,,,,,,,,,,,,,,,,,
X,"Use of IMF credit (DOD, current US$)",,1612750661,1546472205,1625254742,1536342079,1413763540,2108913101,3301006448,2980685464,3932112861,4667059646,,,,,,,,,,,,,,,,,,,,,,,,,,,,,,,,,,,,,,,,,,,,,
X,"Net ODA provided, total (% of GNI)",,,,,,,,,,,,,,,,,,,,,,,,,,,,,,,,,,,,,,,,,,,,,,,,,,,,,,,,
X,"Net bilateral aid flows from DAC donors, United States (current US$)",,211617355.3,244191909.8,274246551.5,324138122.6,404869995.1,309569946.3,443829742.4,375629364,449813873.3,,,,,,,,,,,,,,,,,,,,,,,,,,,,,,,,,,,,,,,,,,,,,,
X,"Net bilateral aid flows from DAC donors, Slovak Republic (current US$)",,,,138170.0039,,,,,,,,,,,,,,,,,,,,,,,,,,,,,,,,,,,,,,,,,,,,,,,,,,,,
X,"Foreign direct investment, net inflows (BoP, current US$)",,2831152765,2332724781,1810395804,2421626238,1908045387,1525312160,1723856464,1601074338,1484418066,1314541323,,,,,,,,,,,,,,,,,,,,,,,,,,,,,,,,,,,,,,,,,,,,,
X,"Charges for the use of intellectual property, receipts (BoP, current US$)",,1182236.04,344286.0877,36917.97893,4082535.482,6954596.812,4193734.328,1977907.281,3748198.047,2371507.906,1327695.011,,,,,,,,,,,,,,,,,,,,,,,,,,,,,,,,,,,,,,,,,,,,,
X,"Exports of goods and services (BoP, current US$)",,34969256094,37662675682,39170435004,44128038982,44961040130,38475972660,49290500043,60066498548,58884658532,54742063556,,,,,,,,,,,,,,,,,,,,,,,,,,,,,,,,,,,,,,,,,,,,,
X,"ICT service exports (BoP, current US$)",,481790850.4,623380901.3,527794045.5,587843450.2,511501279.2,405083022.3,618499207.7,721191040.3,636693363.2,702893138.9,,,,,,,,,,,,,,,,,,,,,,,,,,,,,,,,,,,,,,,,,,,,,
X,"Net secondary income (BoP, current US$)",,15769294315,14123083236,14001681443,16096669288,18871918280,22334322531,22669494644,21917948422,22542834308,27598745526,,,,,,,,,,,,,,,,,,,,,,,,,,,,,,,,,,,,,,,,,,,,,
X,"Net errors and omissions (BoP, current US$)",,-749598513.5,-1223203141,-494274490.2,-772210703.5,-1993908941,-861685341.4,-48518888.98,-2540039706,-1532215593,-3361673271,,,,,,,,,,,,,,,,,,,,,,,,,,,,,,,,,,,,,,,,,,,,,
X,"Net financial account (BoP, current US$)",,2272226069,135567590.7,-6186311402,-7603218242,-4714447597,544542994.6,-15550501969,-16748126374,3338484194,-1309474443,,,,,,,,,,,,,,,,,,,,,,,,,,,,,,,,,,,,,,,,,,,,,
X,"Secondary income, other sectors, payments (BoP, current US$)",,88225764.38,115639075.2,110811493.9,145981283.8,204352995.9,218914141.4,271951074.7,292809707.6,304719504.9,311164635.7,,,,,,,,,,,,,,,,,,,,,,,,,,,,,,,,,,,,,,,,,,,,,
X,"Transport services (% of service imports, BoP)",,74.79622781,69.27855899,67.63352369,58.76962746,59.48914426,63.91701351,67.17177761,67.90268012,61.10529541,58.3973869,,,,,,,,,,,,,,,,,,,,,,,,,,,,,,,,,,,,,,,,,,,,,
X,"Goods imports (BoP, current US$)",,37856277963,40365988424,48266578855,55966038848,54675863194,48849737649,74432695834,81445097325,62158521294,63761432664,,,,,,,,,,,,,,,,,,,,,,,,,,,,,,,,,,,,,,,,,,,,,
X,"Communications, computer, etc. (% of service imports, BoP)",,9.077700583,8.701676582,9.246994433,12.11138171,12.6853827,11.3967794,14.77417151,15.69224951,14.65718307,21.83214234,,,,,,,,,,,,,,,,,,,,,,,,,,,,,,,,,,,,,,,,,,,,,
X,Livestock production index (2014-2016 = 100),,101.1,104.77,122.5,124.46,123.94,136.86,146.31,153.13,,,,,,,,,,,,,,,,,,,,,,,,,,,,,,,,,,,,,,,,,,,,,,,
X,Urban land area (sq. km),,56970.02069,,,,,,,,,,,,,,,,,,,,,,,,,,,,,,,,,,,,,,,,,,,,,,,,,,,,,,
X,Agricultural irrigated land (% of total agricultural land),,59.46144174,59.71149234,60.15893627,60.38288254,82.76045546,83.55249205,84.34911871,88.77691737,89.04138738,,,,,,,,,,,,,,,,,,,,,,,,,,,,,,,,,,,,,,,,,,,,,,
X,Urban land area where elevation is below 5 meters (% of total land area),,5.153762994,,,,,,,,,,,,,,,,,,,,,,,,,,,,,,,,,,,,,,,,,,,,,,,,,,,,,,
X,Permanent cropland (% of land area),,6.145809326,6.145809326,6.145809326,6.376277176,7.221325958,7.221325958,7.251286779,6.980654076,7.067241114,,,,,,,,,,,,,,,,,,,,,,,,,,,,,,,,,,,,,,,,,,,,,,
X,Arable land (hectares),,7762240,7794210,7787330,7772300,7857000,7890000,7874100,7917700,7880400,,,,,,,,,,,,,,,,,,,,,,,,,,,,,,,,,,,,,,,,,,,,,,
X,Fertilizer consumption (% of fertilizer production),,476.94974,392.3759299,460.5520369,572.9675926,544.2114819,554.9239149,673.5128826,665.6406709,667.524425,,,,,,,,,,,,,,,,,,,,,,,,,,,,,,,,,,,,,,,,,,,,,,
X,"Internally displaced persons, new displacement associated with disasters (number of cases)",,531000,614000,946000,78000,4084000,4443000,99000,1524000,1791000,,,,,,,,,,,,,,,,,,,,,,,,,,,,,,,,,,,,,,,,,,,,,,
X,"Voice and Accountability: Percentile Rank, Upper Bound of 90% Confidence Interval",,35.96059036,34.48275757,33.99014664,30.58252335,30.91787529,32.36714935,32.85024261,32.36714935,31.86274529,,,,,,,,,,,,,,,,,,,,,,,,,,,,,,,,,,,,,,,,,,,,,,
X,Voice and Accountability: Estimate,,-0.512201607,-0.584256232,-0.61543864,-0.742033064,-0.741862595,-0.769459009,-0.774502337,-0.75330162,-0.753886342,,,,,,,,,,,,,,,,,,,,,,,,,,,,,,,,,,,,,,,,,,,,,,
X,High-technology exports (current US$),,93607706,80224851,161066666,204146450,,,,,,,,,,,,,,,,,,,,,,,,,,,,,,,,,,,,,,,,,,,,,,,,,,,
X,Merchandise exports to low- and middle-income economies within region (% of total merchandise exports),,2.698782046,3.060282206,2.685024513,3.706335589,3.696328585,3.687225671,4.51931385,4.118208007,4.537187792,,,,,,,,,,,,,,,,,,,,,,,,,,,,,,,,,,,,,,,,,,,,,,
X,Merchandise exports to low- and middle-income economies in South Asia (% of total merchandise exports),,2.698782046,3.060282206,2.685024513,3.706335589,3.696328585,3.687225671,4.51931385,4.118208007,4.537187792,,,,,,,,,,,,,,,,,,,,,,,,,,,,,,,,,,,,,,,,,,,,,,
X,Merchandise exports to low- and middle-income economies in East Asia & Pacific (% of total merchandise exports),,3.856557973,4.238736186,4.069855942,3.340948207,3.499008769,3.325098612,3.540614312,2.579780471,3.100459074,,,,,,,,,,,,,,,,,,,,,,,,,,,,,,,,,,,,,,,,,,,,,,
X,Merchandise exports to economies in the Arab World (% of total merchandise exports),,2.466318413,2.547516433,2.641085348,2.354876867,2.225108069,2.686697759,2.583184572,2.490403726,2.334956724,,,,,,,,,,,,,,,,,,,,,,,,,,,,,,,,,,,,,,,,,,,,,,
X,ICT goods exports (% of total goods exports),,0.05,,,,,,,,,,,,,,,,,,,,,,,,,,,,,,,,,,,,,,,,,,,,,,,,,,,,,,
X,Export unit value index (2015 = 100),,100,99.3,98.6,99,99.1,103,103.2,106.5,105.6,106.1,,,,,,,,,,,,,,,,,,,,,,,,,,,,,,,,,,,,,,,,,,,,,
X,Travel services (% of commercial service imports),,5.778055713,6.364096908,7.286512788,8.147678134,9.855155143,5.204447354,6.00004643,11.24965809,15.68337132,13.7581576,,,,,,,,,,,,,,,,,,,,,,,,,,,,,,,,,,,,,,,,,,,,,
X,Import value index (2015 = 100),,100,107.5,126.8,145.2,141.8,126.7,193.1,211.8,160.5,,,,,,,,,,,,,,,,,,,,,,,,,,,,,,,,,,,,,,,,,,,,,,
X,Merchandise imports from low- and middle-income economies in Sub-Saharan Africa (% of total merchandise imports),,1.489518837,1.612885537,2.298623863,2.921379983,2.906612374,3.087816422,2.615422715,3.603393165,2.874476154,,,,,,,,,,,,,,,,,,,,,,,,,,,,,,,,,,,,,,,,,,,,,,
X,Merchandise imports from low- and middle-income economies in Europe & Central Asia (% of total merchandise imports),,3.490045376,3.442762468,2.772451417,1.95101528,2.028258347,2.239221452,1.542977138,0.973262926,1.550404116,,,,,,,,,,,,,,,,,,,,,,,,,,,,,,,,,,,,,,,,,,,,,,
X,Merchandise imports (current US$),,42047000000,44772000000,52836000000,60495000000,59094000000,52804000000,80448000000,88234000000,66863000000,67880000000,,,,,,,,,,,,,,,,,,,,,,,,,,,,,,,,,,,,,,,,,,,,,
X,Insurance and financial services (% of commercial service imports),,6.673473951,11.7628648,11.6925631,17.15642432,11.90350147,7.961832064,7.207124408,6.716434824,8.35481123,6.609026361,,,,,,,,,,,,,,,,,,,,,,,,,,,,,,,,,,,,,,,,,,,,,
X,Agricultural raw materials imports (% of merchandise imports),,6.41256931,5.866431367,6.690035287,6.034842991,,,,,,,,,,,,,,,,,,,,,,,,,,,,,,,,,,,,,,,,,,,,,,,,,,,
X,"Tariff rate, most favored nation, simple mean, primary products (%)",,15.56,15.57,,,15.81,15.82,15.89,15.88,,,,,,,,,,,,,,,,,,,,,,,,,,,,,,,,,,,,,,,,,,,,,,,
X,"Tariff rate, most favored nation, weighted mean, all products (%)",,12.32,11.03,,,9.34,11.48,11.44,11,,,,,,,,,,,,,,,,,,,,,,,,,,,,,,,,,,,,,,,,,,,,,,,
X,"Bound rate, simple mean, all products (%)",,158.07,158.07,,,158.91,158.91,158.91,158.91,,,,,,,,,,,,,,,,,,,,,,,,,,,,,,,,,,,,,,,,,,,,,,,
X,"Tariff rate, most favored nation, simple mean, manufactured products (%)",,13.32,13.32,,,13.45,13.46,13.45,13.47,,,,,,,,,,,,,,,,,,,,,,,,,,,,,,,,,,,,,,,,,,,,,,,
X,Import volume index (2015 = 100),,100,107.5,121.6,133.6,138.8,124.7,156.6,147,123,,,,,,,,,,,,,,,,,,,,,,,,,,,,,,,,,,,,,,,,,,,,,,
X,"International tourism, expenditures for travel items (current US$)",,427000000,484000000,603000000,755000000,920000000,394000000,,,,,,,,,,,,,,,,,,,,,,,,,,,,,,,,,,,,,,,,,,,,,,,,,
X,"International tourism, receipts (% of total exports)",,0.429806121,0.56899835,0.88842516,0.809009438,0.869641803,0.566327448,,,,,,,,,,,,,,,,,,,,,,,,,,,,,,,,,,,,,,,,,,,,,,,,,
X,Unmet need for contraception (% of married women ages 15-49),,,,,12,13.68997889,,,10,,,,,,,,,,,,,,,,,,,,,,,,,,,,,,,,,,,,,,,,,,,,,,,
X,Rural population (% of total population),,70.46049005,70.12460845,69.79842016,69.4824344,69.17716037,68.88310727,68.60078431,68.32626527,67.8421535,67.32168037,,,,,,,,,,,,,,,,,,,,,,,,,,,,,,,,,,,,,,,,,,,,,
X,Completeness of birth registration (%),,,,,25.2,56,,,,,,,,,,,,,,,,,,,,,,,,,,,,,,,,,,,,,,,,,,,,,,,,,,
X,"Completeness of birth registration, female (%)",,,,,25,56.1,,,,,,,,,,,,,,,,,,,,,,,,,,,,,,,,,,,,,,,,,,,,,,,,,,
X,"Population, female",,80855124,81720325,82462276,83091995,83750865,84419144,85086513,85985502,87109279,88218708,,,,,,,,,,,,,,,,,,,,,,,,,,,,,,,,,,,,,,,,,,,,,
X,Population growth (annual %),,0.893819378,0.892432416,0.850917316,0.820955198,0.846411252,0.836310836,0.814977994,1.024233847,1.221714755,1.214621154,,,,,,,,,,,,,,,,,,,,,,,,,,,,,,,,,,,,,,,,,,,,,
X,Sex ratio at birth (male births per female births),,1.049,1.05,1.051,1.051,1.051,1.05,1.05,1.05,1.049,,,,,,,,,,,,,,,,,,,,,,,,,,,,,,,,,,,,,,,,,,,,,,
X,"Population ages 75-79, female (% of female population)",,0.902817241,0.93806345,0.975932922,1.016886157,1.059962187,1.098878124,1.131827424,1.167925954,1.200099475,1.222250954,,,,,,,,,,,,,,,,,,,,,,,,,,,,,,,,,,,,,,,,,,,,,
X,"Population ages 65 and above, total",,7813922,8156764,8529190,8925326,9338298,9703716,10015627,10392030,10837653,11278886,,,,,,,,,,,,,,,,,,,,,,,,,,,,,,,,,,,,,,,,,,,,,
X,"Population ages 65 and above, female",,4017414,4212711,4417465,4624647,4831248,5012155,5161239,5335783,5546579,5759826,,,,,,,,,,,,,,,,,,,,,,,,,,,,,,,,,,,,,,,,,,,,,
X,"Population ages 60-64, female (% of female population)",,2.693871943,2.798213296,2.857541793,2.860910953,2.840857823,2.80092394,2.74277543,2.741079521,2.803143968,2.863067321,,,,,,,,,,,,,,,,,,,,,,,,,,,,,,,,,,,,,,,,,,,,,
X,"Population ages 50-54, female (% of female population)",,4.256530483,4.298467364,4.298074431,4.260879136,4.236774749,4.222254399,4.209500815,4.244421901,4.32472125,4.396934151,,,,,,,,,,,,,,,,,,,,,,,,,,,,,,,,,,,,,,,,,,,,,
X,"Population ages 40-44, female (% of female population)",,6.125622292,6.250240684,6.246208266,6.118854132,5.981828367,5.861701854,5.802422461,5.931582478,6.237792417,6.579654851,,,,,,,,,,,,,,,,,,,,,,,,,,,,,,,,,,,,,,,,,,,,,
X,"Population ages 30-34, female (% of female population)",,8.045786313,8.026811567,8.038940133,8.084150536,8.07004859,7.97453009,7.836816537,7.764544959,7.830593455,8.009385039,,,,,,,,,,,,,,,,,,,,,,,,,,,,,,,,,,,,,,,,,,,,,
X,"Population ages 20-24, female (% of female population)",,9.209226493,9.14401711,9.261133539,9.543841079,9.789555009,9.953751189,10.03227727,9.987688913,9.872733535,9.762572129,,,,,,,,,,,,,,,,,,,,,,,,,,,,,,,,,,,,,,,,,,,,,
X,"Population ages 15-64, male",,49466120,50148727,50782289,51318704,51771109,52176783,52561266,53145617,53931784,54745179,,,,,,,,,,,,,,,,,,,,,,,,,,,,,,,,,,,,,,,,,,,,,
X,"Population ages 15-19, female (% of female population)",,10.23473045,10.30304395,10.36922993,10.40966575,10.39895289,10.36257848,10.30954212,10.1546752,9.883830516,9.582296308,,,,,,,,,,,,,,,,,,,,,,,,,,,,,,,,,,,,,,,,,,,,,
X,"Population ages 05-09, female (% of female population)",,10.08296023,9.757091642,9.486739731,9.293592546,9.137623235,9.01909115,8.930250686,8.823550226,8.709186997,8.630931775,,,,,,,,,,,,,,,,,,,,,,,,,,,,,,,,,,,,,,,,,,,,,
X,"Population ages 0-14, male",,25265427,24998826,24829858,24811724,24884030,25010537,25156687,25197530,25134853,25079418,,,,,,,,,,,,,,,,,,,,,,,,,,,,,,,,,,,,,,,,,,,,,
X,"Population ages 00-04, female (% of female population)",,9.358675277,9.235999734,9.180512432,9.164186579,9.161460004,9.176768656,9.208049116,9.235488855,9.245741203,9.241245632,,,,,,,,,,,,,,,,,,,,,,,,,,,,,,,,,,,,,,,,,,,,,
X,Female headed households (% of households with a female head),,,,,15.8,,,,,,,,,,,,,,,,,,,,,,,,,,,,,,,,,,,,,,,,,,,,,,,,,,,
X,"Fertility rate, total (births per woman)",,2.227,2.227,2.205,2.193,2.18,2.175,2.173,2.179,2.163,,,,,,,,,,,,,,,,,,,,,,,,,,,,,,,,,,,,,,,,,,,,,,
X,"Mortality rate, infant, male (per 1,000 live births)",,32,30.5,29.2,28,27,26.4,26.1,26,26,,,,,,,,,,,,,,,,,,,,,,,,,,,,,,,,,,,,,,,,,,,,,,
X,"Contraceptive prevalence, any modern method (% of married women ages 15-49)",,,56,,51.9,59.11444072,,,54.7,,,,,,,,,,,,,,,,,,,,,,,,,,,,,,,,,,,,,,,,,,,,,,,
X,"Mortality rate, adult, female (per 1,000 female adults)",,127.822,125.318,122.9,120.44,118.025,121.394,138.106,113.419,108.97,,,,,,,,,,,,,,,,,,,,,,,,,,,,,,,,,,,,,,,,,,,,,,
X,"Educational attainment, at least completed short-cycle tertiary, population 25+, female (%) (cumulative)",,5.53000021,5.679999828,6.159999847,6.610000134,6.940000057,,7.269999981,5.322702927,5.376888616,,,,,,,,,,,,,,,,,,,,,,,,,,,,,,,,,,,,,,,,,,,,,,
X,"Educational attainment, Doctoral or equivalent, population 25+, total (%) (cumulative)",,0.159999996,0.170000002,0.180000007,0.189999998,0.209999993,0.25,0.02,0.057013156,0.044430257,,,,,,,,,,,,,,,,,,,,,,,,,,,,,,,,,,,,,,,,,,,,,,
X,"Educational attainment, at least Bachelor's or equivalent, population 25+, male (%) (cumulative)",,11.18999958,11.52999973,12.06000042,12.5,12.94999981,,12.78999996,10.0822024,9.945092033,,,,,,,,,,,,,,,,,,,,,,,,,,,,,,,,,,,,,,,,,,,,,,
X,"Adolescents out of school, female (% of female lower secondary school age)",,,,1.6862567,,,,8.097708677,16.23421417,12.51964755,12.79519755,,,,,,,,,,,,,,,,,,,,,,,,,,,,,,,,,,,,,,,,,,,,,
X,Trained teachers in secondary education (% of total teachers),,,62.60544968,66.45146179,,,61.67262133,63.28681427,64.271465,65.01406483,55.00603474,,,,,,,,,,,,,,,,,,,,,,,,,,,,,,,,,,,,,,,,,,,,,
X,"Trained teachers in secondary education, male (% of male teachers)",,,60.7580986,63.84524918,,,59.12662734,61.69759652,61.91097539,62.78275618,61.71518408,,,,,,,,,,,,,,,,,,,,,,,,,,,,,,,,,,,,,,,,,,,,,
X,"Trained teachers in secondary education, female (% of female teachers)",,,69.0131073,75.68595886,,,68.84736669,69.28957576,70.67271353,70.95018444,38.32295523,,,,,,,,,,,,,,,,,,,,,,,,,,,,,,,,,,,,,,,,,,,,,
X,"School enrollment, secondary, private (% of total secondary)",,94.43302917,94.04125977,93.89962769,,,,,,,,,,,,,,,,,,,,,,,,,,,,,,,,,,,,,,,,,,,,,,,,,,,,
X,"School enrollment, secondary, male (% gross)",,56.35079956,61.5009186,57.99173673,61.55638268,61.62275429,61.73422365,58.66140661,61.96990527,60.71328023,58.5396702,,,,,,,,,,,,,,,,,,,,,,,,,,,,,,,,,,,,,,,,,,,,,
X,"Secondary education, vocational pupils",,602080,626923,612601,757289,,,,,,,,,,,,,,,,,,,,,,,,,,,,,,,,,,,,,,,,,,,,,,,,,,,
X,"Secondary education, general pupils (% female)",,52.95256,52.35159,53.86207,53.89255,,,,,,,,,,,,,,,,,,,,,,,,,,,,,,,,,,,,,,,,,,,,,,,,,,,
X,"Secondary education, duration (years)",,7,7,7,7,7,7,7,7,7,7,,,,,,,,,,,,,,,,,,,,,,,,,,,,,,,,,,,,,,,,,,,,,
X,"Educational attainment, at least completed post-secondary, population 25+, total (%) (cumulative)",,13.98999977,14.35000038,14.92000008,15.56999969,16.20999908,,17.81999969,,8.076938976,,,,,,,,,,,,,,,,,,,,,,,,,,,,,,,,,,,,,,,,,,,,,,
X,"Educational attainment, at least completed lower secondary, population 25+, male (%) (cumulative)",,45.22999954,46.02999878,46.79999924,47.59000015,48.34999847,,52.09999847,,,,,,,,,,,,,,,,,,,,,,,,,,,,,,,,,,,,,,,,,,,,,,,,
X,"Lower secondary completion rate, female (% of relevant age group)",,,77.2471147,,,,,91.4181667,85.88130199,81.93414476,84.73791678,,,,,,,,,,,,,,,,,,,,,,,,,,,,,,,,,,,,,,,,,,,,,
X,"Children out of school, primary, male",,,,481700,354030,,,,,,,,,,,,,,,,,,,,,,,,,,,,,,,,,,,,,,,,,,,,,,,,,,,
X,"Adjusted net enrollment rate, primary, male (% of primary school age children)",,,,,,,,,,,,,,,,,,,,,,,,,,,,,,,,,,,,,,,,,,,,,,,,,,,,,,,,
X,"Primary education, teachers",,527798,548201,574001,576887,354722,367480,359095,362709,384513,383624,,,,,,,,,,,,,,,,,,,,,,,,,,,,,,,,,,,,,,,,,,,,,
X,"Repeaters, primary, total (% of total enrollment)",,,,4.74292,4.14134,,,,,,,,,,,,,,,,,,,,,,,,,,,,,,,,,,,,,,,,,,,,,,,,,,,
X,"Persistence to last grade of primary, male (% of cohort)",,,,,,,,,,,,,,,,,,,,,,,,,,,,,,,,,,,,,,,,,,,,,,,,,,,,,,,,
X,"Persistence to grade 5, female (% of cohort)",,,,,,,,,,,,,,,,,,,,,,,,,,,,,,,,,,,,,,,,,,,,,,,,,,,,,,,,
X,"Over-age students, primary, female (% of female enrollment)",,,,,,,,,,,,,,,,,,,,,,,,,,,,,,,,,,,,,,,,,,,,,,,,,,,,,,,,
X,"School enrollment, primary, male (% net)",,,,,,,,,,,,,,,,,,,,,,,,,,,,,,,,,,,,,,,,,,,,,,,,,,,,,,,,
X,"Gross intake ratio in first grade of primary education, male (% of relevant age group)",,116.69252,101.88656,96.36066,101.94605,,,,,,,,,,,,,,,,,,,,,,,,,,,,,,,,,,,,,,,,,,,,,,,,,,,
X,"School enrollment, primary (% gross)",,,,105.1288204,107.1899577,,110.0666199,106.3348491,107.8020668,103.1164214,106.4913104,,,,,,,,,,,,,,,,,,,,,,,,,,,,,,,,,,,,,,,,,,,,,
X,"Primary education, duration (years)",,5,5,5,5,5,5,5,5,5,5,,,,,,,,,,,,,,,,,,,,,,,,,,,,,,,,,,,,,,,,,,,,,
X,"Primary completion rate, total (% of relevant age group)",,,,,,,,109.8691937,96.61637134,98.02818822,94.30216814,,,,,,,,,,,,,,,,,,,,,,,,,,,,,,,,,,,,,,,,,,,,,
X,Trained teachers in preprimary education (% of total teachers),,,,,,,,,,,,,,,,,,,,,,,,,,,,,,,,,,,,,,,,,,,,,,,,,,,,,,,,
X,"School enrollment, preprimary, female (% gross)",,32.63315964,36.16616058,42.48155212,41.63365936,,46.8312149,37.3898735,,,,,,,,,,,,,,,,,,,,,,,,,,,,,,,,,,,,,,,,,,,,,,,,
X,Male primary school age children out-of-school (%),,,,,,,,,2.480003357,,,,,,,,,,,,,,,,,,,,,,,,,,,,,,,,,,,,,,,,,,,,,,,
X,Male pupils below minimum reading proficiency at end of primary (%). Low GAML threshold,,,,,,,,,53,,,,,,,,,,,,,,,,,,,,,,,,,,,,,,,,,,,,,,,,,,,,,,,
X,Learning poverty: Share of Children at the End-of-Primary age below minimum reading proficiency adjusted by Out-of-School Children (%),,,,,,,,,51.22000122,,,,,,,,,,,,,,,,,,,,,,,,,,,,,,,,,,,,,,,,,,,,,,,
X,"School enrollment, primary (gross), gender parity index (GPI)",,,,1.059628367,1.069517016,,1.093019962,1.018498063,,,,,,,,,,,,,,,,,,,,,,,,,,,,,,,,,,,,,,,,,,,,,,,,
X,"Literacy rate, adult female (% of females ages 15 and above)",,62.25,69.90000153,70.08999634,71.18000031,71.94999695,72,73.63999939,76.54000092,,,,,,,,,,,,,,,,,,,,,,,,,,,,,,,,,,,,,,,,,,,,,,,
X,"Literacy rate, youth female (% of females ages 15-24)",,89.54000092,93.54000092,94.37999725,94.91000366,96.08999634,95.86000061,95.86000061,94.44999695,,,,,,,,,,,,,,,,,,,,,,,,,,,,,,,,,,,,,,,,,,,,,,,
X,Regulatory Quality: Percentile Rank,,17.1428566,21.90476227,20,17.61904716,15.23809528,15.23809528,20.47619057,17.92452812,18.86792374,,,,,,,,,,,,,,,,,,,,,,,,,,,,,,,,,,,,,,,,,,,,,,
X,"Rule of Law: Percentile Rank, Upper Bound of 90% Confidence Interval",,35.7142868,36.19047546,37.61904907,37.61904907,39.04761887,40.95238113,39.52381134,40.09434128,43.39622498,,,,,,,,,,,,,,,,,,,,,,,,,,,,,,,,,,,,,,,,,,,,,,
X,Rule of Law: Estimate,,-0.769605339,-0.66950053,-0.67966032,-0.649216712,-0.643474996,-0.565531194,-0.625693977,-0.601690114,-0.502657235,,,,,,,,,,,,,,,,,,,,,,,,,,,,,,,,,,,,,,,,,,,,,,
X,Textiles and clothing (% of value added in manufacturing),,,,,56.80585534,,56.62044589,,,,,,,,,,,,,,,,,,,,,,,,,,,,,,,,,,,,,,,,,,,,,,,,,
X,"Food, beverages and tobacco (% of value added in manufacturing)",,,,,15.42252173,,15.37218393,,,,,,,,,,,,,,,,,,,,,,,,,,,,,,,,,,,,,,,,,,,,,,,,,
X,"Industry (including construction), value added (annual % growth)",,9.666904855,11.09373384,8.272164853,10.19581392,11.63332345,3.611078321,10.28711502,9.855663436,8.367351462,3.506181257,,,,,,,,,,,,,,,,,,,,,,,,,,,,,,,,,,,,,,,,,,,,,
X,"Manufacturing, value added (% of GDP)",,16.78867356,20.3479481,20.07506151,20.80229593,21.20794388,20.59833159,21.23567299,21.76481936,22.34201887,21.89296036,,,,,,,,,,,,,,,,,,,,,,,,,,,,,,,,,,,,,,,,,,,,,
X,"Manufacturing, value added (current LCU)",,2.54E+12,4.22E+12,4.67E+12,5.49E+12,6.26E+12,6.53E+12,7.50E+12,8.64E+12,1.00E+13,1.10E+13,,,,,,,,,,,,,,,,,,,,,,,,,,,,,,,,,,,,,,,,,,,,,
X,Financial intermediary services indirectly Measured (FISIM) (current LCU),,,,,,,,,,,,,,,,,,,,,,,,,,,,,,,,,,,,,,,,,,,,,,,,,,,,,,,,
X,"Agriculture, forestry, and fishing, value added (constant 2015 US$)",,28848516252,29652313215,30600003288,31684632614,32717734675,33836991342,34911170935,35977340833,37190295012,38419027118,,,,,,,,,,,,,,,,,,,,,,,,,,,,,,,,,,,,,,,,,,,,,
X,Trade (% of GDP),,42.08599631,31.33415013,29.99973067,32.51463172,31.57805449,26.27144738,27.7240047,33.77996727,30.98297141,26.7780758,,,,,,,,,,,,,,,,,,,,,,,,,,,,,,,,,,,,,,,,,,,,,
X,External balance on goods and services (current US$),,-14465532640,-9260953611,-12807430499,-23025820647,-18926257571,-20142051278,-26634920363,-36881921801,-20421363572,-26357644240,,,,,,,,,,,,,,,,,,,,,,,,,,,,,,,,,,,,,,,,,,,,,
X,Imports of goods and services (constant 2015 US$),,48297463644,44872263247,47189556672,58484366550,58779996315,52073456219,60022959705,78739971067,71044199703,67776851245,,,,,,,,,,,,,,,,,,,,,,,,,,,,,,,,,,,,,,,,,,,,,
X,Gross capital formation (constant LCU),,5.76E+12,6.28E+12,6.80E+12,7.63E+12,8.15E+12,8.47E+12,9.16E+12,1.02E+13,1.05E+13,1.08E+13,,,,,,,,,,,,,,,,,,,,,,,,,,,,,,,,,,,,,,,,,,,,,
X,Gross capital formation (current US$),,56371394512,80203267393,90901007556,1.02E+11,1.13E+11,1.17E+11,1.29E+11,1.47E+11,1.35E+11,1.38E+11,,,,,,,,,,,,,,,,,,,,,,,,,,,,,,,,,,,,,,,,,,,,,
X,Gross fixed capital formation (% of GDP),,28.88668925,30.23976392,30.94687312,31.82257477,32.21373311,31.30794134,31.01873874,32.04727558,30.95120008,30.70049002,,,,,,,,,,,,,,,,,,,,,,,,,,,,,,,,,,,,,,,,,,,,,
X,Gross fixed capital formation (current LCU),,4.38E+12,6.28E+12,7.19E+12,8.40E+12,9.51E+12,9.93E+12,1.10E+13,1.27E+13,1.39E+13,1.54E+13,,,,,,,,,,,,,,,,,,,,,,,,,,,,,,,,,,,,,,,,,,,,,
X,Exports of goods and services (% of GDP),,17.33667379,13.92120448,12.81974689,12.67478794,13.09475734,10.44278806,10.6627789,12.88222643,13.15716383,10.46118783,,,,,,,,,,,,,,,,,,,,,,,,,,,,,,,,,,,,,,,,,,,,,
X,Exports of goods and services (current LCU),,2.63E+12,2.89E+12,2.98E+12,3.35E+12,3.86E+12,3.31E+12,3.76E+12,5.12E+12,5.91E+12,5.23E+12,,,,,,,,,,,,,,,,,,,,,,,,,,,,,,,,,,,,,,,,,,,,,
X,Gross national expenditure (constant 2015 US$),,2.08E+11,2.18E+11,2.34E+11,2.57E+11,2.72E+11,2.81E+11,3.03E+11,3.29E+11,3.37E+11,3.55E+11,,,,,,,,,,,,,,,,,,,,,,,,,,,,,,,,,,,,,,,,,,,,,
X,Final consumption expenditure (% of GDP),,77.84152986,72.72974053,72.93424897,73.5488187,73.11561842,72.92239755,74.6581822,74.77560583,74.24048592,76.04282057,,,,,,,,,,,,,,,,,,,,,,,,,,,,,,,,,,,,,,,,,,,,,
X,Final consumption expenditure (current LCU),,1.18E+13,1.51E+13,1.70E+13,1.94E+13,2.16E+13,2.31E+13,2.64E+13,2.97E+13,3.33E+13,3.80E+13,,,,,,,,,,,,,,,,,,,,,,,,,,,,,,,,,,,,,,,,,,,,,
X,"Households and NPISHs Final consumption expenditure, PPP (current international $)",,4.78E+11,4.95E+11,5.36E+11,6.11E+11,6.69E+11,7.22E+11,8.31E+11,9.42E+11,1.00E+12,1.06E+12,,,,,,,,,,,,,,,,,,,,,,,,,,,,,,,,,,,,,,,,,,,,,
X,Households and NPISHs Final consumption expenditure (annual % growth),,5.817129635,3.002255147,6.26914014,9.413220737,4.855419609,2.996799856,8.015464419,7.476516769,1.984966302,5.991255618,,,,,,,,,,,,,,,,,,,,,,,,,,,,,,,,,,,,,,,,,,,,,
X,Households and NPISHs Final consumption expenditure (current US$),,1.41E+11,1.77E+11,1.97E+11,2.17E+11,2.35E+11,2.50E+11,2.86E+11,3.18E+11,3.00E+11,3.16E+11,,,,,,,,,,,,,,,,,,,,,,,,,,,,,,,,,,,,,,,,,,,,,
X,General government final consumption expenditure (constant 2015 US$),,10546191845,11428742368,12251900632,12898492843,14626793843,14912228216,15937775671,16932534362,18377804014,20173932081,,,,,,,,,,,,,,,,,,,,,,,,,,,,,,,,,,,,,,,,,,,,,
X,Military expenditure (% of general government expenditure),,10.50597489,10.56724041,9.215898981,8.910624005,9.180077653,9.352788239,9.047883772,7.602675295,7.109129669,6.903248692,,,,,,,,,,,,,,,,,,,,,,,,,,,,,,,,,,,,,,,,,,,,,
X,Armed forces personnel (% of total labor force),,0.356826341,0.352791753,0.334100479,0.335456656,0.328198762,0.322835262,,,,,,,,,,,,,,,,,,,,,,,,,,,,,,,,,,,,,,,,,,,,,,,,,
X,Logistics performance index: Frequency with which shipments reach consignee within scheduled or expected time (1=low to 5=high),,,2.901212,,2.92,,,,3,,,,,,,,,,,,,,,,,,,,,,,,,,,,,,,,,,,,,,,,,,,,,,,
X,Logistics performance index: Quality of trade and transport-related infrastructure (1=low to 5=high),,,2.48,,2.39,,,,2.3,,,,,,,,,,,,,,,,,,,,,,,,,,,,,,,,,,,,,,,,,,,,,,,
X,Individuals using the Internet (% of population),,12.9,18.1,21.5,25.6,30.4,36.1091,38.9174,41.6165,44.5027,,,,,,,,,,,,,,,,,,,,,,,,,,,,,,,,,,,,,,,,,,,,,,
X,Secure Internet servers,,314,3731,10413,18712,16334,23085,38345,55824,66558,91478,,,,,,,,,,,,,,,,,,,,,,,,,,,,,,,,,,,,,,,,,,,,,
X,Fixed telephone subscriptions,,864263,766183,707568,1449650,1449650,1390050,291438,288333,296327,,,,,,,,,,,,,,,,,,,,,,,,,,,,,,,,,,,,,,,,,,,,,,
X,Liner shipping connectivity index (maximum value in 2004 = 100),,11.74439996,11.29425146,11.34302755,13.16124891,12.19111986,13.80449154,14.67165842,,,,,,,,,,,,,,,,,,,,,,,,,,,,,,,,,,,,,,,,,,,,,,,,
X,"Air transport, passengers carried",,3997815,3815869,4660739.038,5677396,6260241,2984121.694,3750753,5267081.561,6628497,,,,,,,,,,,,,,,,,,,,,,,,,,,,,,,,,,,,,,,,,,,,,,
X,Statistical performance indicators (SPI): Pillar 4 data sources score (scale 0-100),,45.06666667,52.14166667,50.64166667,50.64166667,50.64166667,51.21666667,57.85,61.825,61.825,66.675,,,,,,,,,,,,,,,,,,,,,,,,,,,,,,,,,,,,,,,,,,,,,
X,Statistical performance indicators (SPI): Overall score (scale 0-100),,,57.1575,59.60208333,59.36083333,59.24333333,61.30958333,69.89625,70.31958333,71.48208333,71.63833333,,,,,,,,,,,,,,,,,,,,,,,,,,,,,,,,,,,,,,,,,,,,,
X,CPIA policies for social inclusion/equity cluster average (1=low to 6=high),,3.5,3.5,3.4,3.4,3.3,3.3,3.4,3.4,3.6,3.5,,,,,,,,,,,,,,,,,,,,,,,,,,,,,,,,,,,,,,,,,,,,,
X,Adjusted savings: energy depletion (% of GNI),,0.564822187,0.452783578,0.491954809,0.507953435,0.505144042,0.427212724,0.464798446,,,,,,,,,,,,,,,,,,,,,,,,,,,,,,,,,,,,,,,,,,,,,,,,
X,Adjusted savings: consumption of fixed capital (% of GNI),,7.619258198,7.822025566,8.002567628,7.937165451,0.793280392,1.015945973,1.225706206,,,,,,,,,,,,,,,,,,,,,,,,,,,,,,,,,,,,,,,,,,,,,,,,
X,Adjusted savings: carbon dioxide damage (% of GNI),,1.208345732,0.961994681,0.976868051,0.978205829,1.012040235,1.018029984,1.033359942,,,,,,,,,,,,,,,,,,,,,,,,,,,,,,,,,,,,,,,,,,,,,,,,
X,"Services, value added (% of GDP)",,53.71383194,51.20780399,51.38390054,50.89016072,50.84928874,51.51130933,51.30150694,51.03808268,51.11191294,51.4166555,,,,,,,,,,,,,,,,,,,,,,,,,,,,,,,,,,,,,,,,,,,,,
X,"Services, value added (current LCU)",,8.14E+12,1.06E+13,1.19E+13,1.34E+13,1.50E+13,1.63E+13,1.81E+13,2.03E+13,2.30E+13,2.57E+13,,,,,,,,,,,,,,,,,,,,,,,,,,,,,,,,,,,,,,,,,,,,,
X,Medium and high-tech manufacturing value added (% manufacturing value added),,9.465126084,7.814624191,7.814624191,5.260693381,7.814624191,7.814624191,7.814624191,7.814624191,,,,,,,,,,,,,,,,,,,,,,,,,,,,,,,,,,,,,,,,,,,,,,,
X,Chemicals (% of value added in manufacturing),,,,,3.070500956,,3.060479103,,,,,,,,,,,,,,,,,,,,,,,,,,,,,,,,,,,,,,,,,,,,,,,,,
X,"Industry (including construction), value added (constant 2015 US$)",,52360557158,58169298008,62981158233,69402599931,77476428865,80274163392,88532058911,97257480670,1.05E+11,1.09E+11,,,,,,,,,,,,,,,,,,,,,,,,,,,,,,,,,,,,,,,,,,,,,
X,"Manufacturing, value added (constant LCU)",,3.78E+12,4.22E+12,4.52E+12,5.00E+12,5.61E+12,5.71E+12,6.37E+12,7.09E+12,7.73E+12,7.97E+12,,,,,,,,,,,,,,,,,,,,,,,,,,,,,,,,,,,,,,,,,,,,,
X,"Manufacturing, value added (current US$)",,32762527150,53967746788,58966969324,66850830761,74489012204,77033525620,88398085892,1.00E+11,97727416240,98544468828,,,,,,,,,,,,,,,,,,,,,,,,,,,,,,,,,,,,,,,,,,,,,
X,"Agriculture, forestry, and fishing, value added (% of GDP)",,14.78299644,13.46479232,12.95727604,12.48007719,11.97532314,11.99968686,11.63285843,11.21760104,11.00369002,11.16480143,,,,,,,,,,,,,,,,,,,,,,,,,,,,,,,,,,,,,,,,,,,,,
X,"Agriculture, forestry, and fishing, value added (current LCU)",,2.24E+12,2.80E+12,3.01E+12,3.29E+12,3.53E+12,3.80E+12,4.11E+12,4.46E+12,4.94E+12,5.59E+12,,,,,,,,,,,,,,,,,,,,,,,,,,,,,,,,,,,,,,,,,,,,,
X,External balance on goods and services (% of GDP),,-7.412648734,-3.491741172,-4.360236891,-7.165055835,-5.388539821,-5.385871253,-6.398446903,-8.015514401,-4.668643742,-5.855700146,,,,,,,,,,,,,,,,,,,,,,,,,,,,,,,,,,,,,,,,,,,,,
X,Imports of goods and services (% of GDP),,24.74932252,17.41294565,17.17998378,19.83984378,18.48329716,15.82865931,17.0612258,20.89774084,17.82580758,16.31688797,,,,,,,,,,,,,,,,,,,,,,,,,,,,,,,,,,,,,,,,,,,,,
X,Imports of goods and services (current LCU),,3.75E+12,3.61E+12,3.99E+12,5.24E+12,5.46E+12,5.02E+12,6.02E+12,8.30E+12,8.01E+12,8.16E+12,,,,,,,,,,,,,,,,,,,,,,,,,,,,,,,,,,,,,,,,,,,,,
X,Gross capital formation (annual % growth),,7.118800733,8.909372151,8.359573659,12.13290122,6.880280237,3.945871702,8.090779149,11.65337252,2.210955596,3.266282535,,,,,,,,,,,,,,,,,,,,,,,,,,,,,,,,,,,,,,,,,,,,,
X,Changes in inventories (constant LCU),,,,,,,,,,,,,,,,,,,,,,,,,,,,,,,,,,,,,,,,,,,,,,,,,,,,,,,,
X,Gross fixed capital formation (constant LCU),,5.76E+12,6.28E+12,6.80E+12,7.63E+12,8.15E+12,8.47E+12,9.16E+12,1.02E+13,1.05E+13,1.08E+13,,,,,,,,,,,,,,,,,,,,,,,,,,,,,,,,,,,,,,,,,,,,,
X,Gross fixed capital formation (current US$),,56371394512,80203267393,90901007556,1.02E+11,1.13E+11,1.17E+11,1.29E+11,1.47E+11,1.35E+11,1.38E+11,,,,,,,,,,,,,,,,,,,,,,,,,,,,,,,,,,,,,,,,,,,,,
X,Exports of goods and services (constant LCU),,2.83E+12,2.89E+12,2.84E+12,3.01E+12,3.35E+12,2.77E+12,3.02E+12,3.91E+12,4.22E+12,3.50E+12,,,,,,,,,,,,,,,,,,,,,,,,,,,,,,,,,,,,,,,,,,,,,
X,Exports of goods and services (current US$),,33831931004,36922447162,37655756193,40732047404,45992932855,39053880560,44386125442,59275206086,57551452001,47087839244,,,,,,,,,,,,,,,,,,,,,,,,,,,,,,,,,,,,,,,,,,,,,
X,Gross national expenditure (current LCU),,1.62E+13,2.14E+13,2.41E+13,2.78E+13,3.11E+13,3.30E+13,3.73E+13,4.24E+13,4.72E+13,5.34E+13,,,,,,,,,,,,,,,,,,,,,,,,,,,,,,,,,,,,,,,,,,,,,
X,Final consumption expenditure (constant LCU),,1.46E+13,1.51E+13,1.61E+13,1.75E+13,1.85E+13,1.90E+13,2.05E+13,2.20E+13,2.26E+13,2.40E+13,,,,,,,,,,,,,,,,,,,,,,,,,,,,,,,,,,,,,,,,,,,,,
X,Final consumption expenditure (current US$),,1.52E+11,1.93E+11,2.14E+11,2.36E+11,2.57E+11,2.73E+11,3.11E+11,3.44E+11,3.25E+11,3.42E+11,,,,,,,,,,,,,,,,,,,,,,,,,,,,,,,,,,,,,,,,,,,,,
X,Households and NPISHs Final consumption expenditure per capita growth (annual %),,4.875529994,2.087119192,5.368713999,8.518664192,3.971656949,2.139018317,7.138739564,6.381324147,0.746581092,4.711650316,,,,,,,,,,,,,,,,,,,,,,,,,,,,,,,,,,,,,,,,,,,,,
X,Households and NPISHs Final consumption expenditure (constant 2015 US$),,1.41E+11,1.46E+11,1.55E+11,1.69E+11,1.78E+11,1.83E+11,1.97E+11,2.12E+11,2.16E+11,2.29E+11,,,,,,,,,,,,,,,,,,,,,,,,,,,,,,,,,,,,,,,,,,,,,
X,General government final consumption expenditure (% of GDP),,5.404240381,5.865298315,6.02233216,5.959166931,6.238189406,5.971207292,5.882748688,5.698999556,5.665169627,5.908074443,,,,,,,,,,,,,,,,,,,,,,,,,,,,,,,,,,,,,,,,,,,,,
X,General government final consumption expenditure (current LCU),,8.19E+11,1.22E+12,1.40E+12,1.57E+12,1.84E+12,1.89E+12,2.08E+12,2.26E+12,2.54E+12,2.96E+12,,,,,,,,,,,,,,,,,,,,,,,,,,,,,,,,,,,,,,,,,,,,,
X,Military expenditure (% of GDP),,1.208517107,1.225900499,1.127581253,1.153957491,1.244100823,1.244689509,1.1687306,0.990983394,0.919471499,0.941321121,,,,,,,,,,,,,,,,,,,,,,,,,,,,,,,,,,,,,,,,,,,,,
X,"Armed forces personnel, total",,220950,220950,221000,227050,227000,227000,,,,,,,,,,,,,,,,,,,,,,,,,,,,,,,,,,,,,,,,,,,,,,,,,
X,Logistics performance index: Overall (1=low to 5=high),,,2.663902,,2.58,,,,2.6,,,,,,,,,,,,,,,,,,,,,,,,,,,,,,,,,,,,,,,,,,,,,,,
X,Logistics performance index: Efficiency of customs clearance process (1=low to 5=high),,,2.567212,,2.3,,,,2.3,,,,,,,,,,,,,,,,,,,,,,,,,,,,,,,,,,,,,,,,,,,,,,,
X,"Individuals using the Internet, male (% of male population)",,,,,,,,45.2526,,51.6665,,,,,,,,,,,,,,,,,,,,,,,,,,,,,,,,,,,,,,,,,,,,,,
X,Government Effectiveness: Percentile Rank,,23.80952454,26.19047546,22.38095284,22.38095284,24.76190567,20.95238113,28.09523773,24.05660439,26.88679314,,,,,,,,,,,,,,,,,,,,,,,,,,,,,,,,,,,,,,,,,,,,,,
X,Subsidies and other transfers (current LCU),,4.34E+11,5.57E+11,5.95E+11,6.66E+11,8.83E+11,9.30E+11,1.00E+12,,,,,,,,,,,,,,,,,,,,,,,,,,,,,,,,,,,,,,,,,,,,,,,,
X,Other expense (current LCU),,1.27E+11,1.09E+11,68313000000,67711900000,80203190000,92200000000,1.99E+11,,,,,,,,,,,,,,,,,,,,,,,,,,,,,,,,,,,,,,,,,,,,,,,,
X,Goods and services expense (% of expense),,14.63213222,13.81167403,13.73885219,15.75320033,16.9971153,15.42153751,14.76678804,,,,,,,,,,,,,,,,,,,,,,,,,,,,,,,,,,,,,,,,,,,,,,,,
X,"Taxes on income, profits and capital gains (% of total taxes)",,31.61253645,29.67883808,28.26370373,29.48181337,29.69183637,33.9758416,32.37333929,,,,,,,,,,,,,,,,,,,,,,,,,,,,,,,,,,,,,,,,,,,,,,,,
X,Tax revenue (current LCU),,1.29E+12,1.52E+12,1.63E+12,2.04E+12,2.25E+12,2.22E+12,2.70E+12,,,,,,,,,,,,,,,,,,,,,,,,,,,,,,,,,,,,,,,,,,,,,,,,
X,Taxes on international trade (current LCU),,3.60E+11,4.40E+11,1.91E+11,2.31E+11,2.44E+11,2.38E+11,3.16E+11,,,,,,,,,,,,,,,,,,,,,,,,,,,,,,,,,,,,,,,,,,,,,,,,
X,Taxes on goods and services (% of revenue),,31.28522089,32.25453408,49.16269086,49.78097686,48.84418683,42.84671523,43.21569444,,,,,,,,,,,,,,,,,,,,,,,,,,,,,,,,,,,,,,,,,,,,,,,,
X,"Revenue, excluding grants (% of GDP)",,9.844484139,8.522796112,8.071262697,8.704805357,8.855780394,8.640898095,9.538813352,,,,,,,,,,,,,,,,,,,,,,,,,,,,,,,,,,,,,,,,,,,,,,,,
X,Grants and other revenue (% of revenue),,15.04839346,15.18918074,13.90647708,11.80091447,14.30370583,19.71064353,20.42881904,,,,,,,,,,,,,,,,,,,,,,,,,,,,,,,,,,,,,,,,,,,,,,,,
X,Net investment in nonfinancial assets (% of GDP),,2.335941171,1.986298338,3.427182517,4.808307336,4.570097883,4.519204633,4.102291189,,,,,,,,,,,,,,,,,,,,,,,,,,,,,,,,,,,,,,,,,,,,,,,,
X,"Central government debt, total (% of GDP)",,,,,,,,,,,,,,,,,,,,,,,,,,,,,,,,,,,,,,,,,,,,,,,,,,,,,,,,
X,Research and development expenditure (% of GDP),,,,,,,,,,,,,,,,,,,,,,,,,,,,,,,,,,,,,,,,,,,,,,,,,,,,,,,,
X,"Account ownership at a financial institution or with a mobile-money-service provider, primary education or less (% of population ages 15+)",,,,39.83875228,,,,46.56635446,,,31.17109665,,,,,,,,,,,,,,,,,,,,,,,,,,,,,,,,,,,,,,,,,,,,,
X,"Account ownership at a financial institution or with a mobile-money-service provider, richest 60% (% of population ages 15+)",,,,56.6799304,,,,55.57473298,,,48.18905524,,,,,,,,,,,,,,,,,,,,,,,,,,,,,,,,,,,,,,,,,,,,,
X,Claims on other sectors of the domestic economy (% of GDP),,,,,,,,,,,,,,,,,,,,,,,,,,,,,,,,,,,,,,,,,,,,,,,,,,,,,,,,
X,"Interest rate spread (lending rate minus deposit rate, %)",,3.465,4.21,3.934166667,2.993333333,2.780833333,2.2275,2.279166667,1.565864035,1.051666667,1.333418983,,,,,,,,,,,,,,,,,,,,,,,,,,,,,,,,,,,,,,,,,,,,,
X,"Inflation, consumer prices (annual %)",,6.19428023,5.513525727,5.702070157,5.543621395,5.591996399,5.691074747,5.545654308,7.696954372,9.883503038,10.46574828,,,,,,,,,,,,,,,,,,,,,,,,,,,,,,,,,,,,,,,,,,,,,
X,Broad money (% of GDP),,64.50655207,54.9691445,55.83754161,54.83255629,54.87025351,57.76306499,56.63727859,54.11770085,51.21856333,48.79743125,,,,,,,,,,,,,,,,,,,,,,,,,,,,,,,,,,,,,,,,,,,,,
X,Net foreign assets (current LCU),,1.91E+12,2.20E+12,2.25E+12,2.18E+12,2.26E+12,3.12E+12,3.15E+12,2.67E+12,1.88E+12,1.78E+12,,,,,,,,,,,,,,,,,,,,,,,,,,,,,,,,,,,,,,,,,,,,,
X,Total reserves minus gold (current US$),,27023378998,31776076223,32849189167,31452739129,32012890651,42322360139,45348046446,32929526841,20928020362,20196792193,,,,,,,,,,,,,,,,,,,,,,,,,,,,,,,,,,,,,,,,,,,,,
X,Bank liquid reserves to bank assets ratio (%),,13.74929376,14.728175,11.47018737,9.007748478,8.872497828,10.11380832,8.489644671,7.493849491,7.512732742,7.457578133,,,,,,,,,,,,,,,,,,,,,,,,,,,,,,,,,,,,,,,,,,,,,
X,"Commercial bank branches (per 100,000 adults)",,8.636263702,8.705695235,8.7818843,8.873654294,8.862834382,8.777302103,8.830532921,8.837636768,8.808117455,,,,,,,,,,,,,,,,,,,,,,,,,,,,,,,,,,,,,,,,,,,,,,
X,Terrestrial and marine protected areas (% of total territorial area),,4.9,4.9,4.9,4.9,4.9,4.9,4.9,4.9,5.9,5.6,,,,,,,,,,,,,,,,,,,,,,,,,,,,,,,,,,,,,,,,,,,,,
X,"Renewable internal freshwater resources, total (billion cubic meters)",,105,105,105,105,105,105,105,105,,,,,,,,,,,,,,,,,,,,,,,,,,,,,,,,,,,,,,,,,,,,,,,
X,"Annual freshwater withdrawals, industry (% of total freshwater withdrawal)",,2.146640647,2.146640647,2.146640647,2.146640647,2.146640647,2.146640647,2.146640647,2.146640647,,,,,,,,,,,,,,,,,,,,,,,,,,,,,,,,,,,,,,,,,,,,,,,
X,Total fisheries production (metric tons),,3684645,3878924,4134486,4276741,4384896,4503761,4621668,4759223.999,4915240,,,,,,,,,,,,,,,,,,,,,,,,,,,,,,,,,,,,,,,,,,,,,,
X,Population in urban agglomerations of more than 1 million,,22133332,22861685,23614938,24393966,25198185,26025684,26873841,27730959,28589276,29449261,30306357,,,,,,,,,,,,,,,,,,,,,,,,,,,,,,,,,,,,,,,,,,,,
X,Population living in areas where elevation is below 5 meters (% of total population),,8.381837507,,,,,,,,,,,,,,,,,,,,,,,,,,,,,,,,,,,,,,,,,,,,,,,,,,,,,,
X,"Mammal species, threatened",,,,,37,,,,39,,,,,,,,,,,,,,,,,,,,,,,,,,,,,,,,,,,,,,,,,,,,,,,
X,Nitrous oxide (N2O) emissions from Waste (Mt CO2e),,1.6072,1.6493,1.697,1.7397,1.7884,1.8407,1.8958,1.9324,1.9795,2.0277,,,,,,,,,,,,,,,,,,,,,,,,,,,,,,,,,,,,,,,,,,,,,
X,Nitrous oxide (N2O) emissions from Industrial Processes (Mt CO2e),,0.6684,0.7124,0.7603,0.7876,0.7953,0.7501,0.8964,0.9513,0.9118,0.9946,,,,,,,,,,,,,,,,,,,,,,,,,,,,,,,,,,,,,,,,,,,,,
X,Nitrous oxide (N2O) emissions from Agriculture (Mt CO2e),,17.6916,17.4338,17.8401,18.2856,18.418,18.8713,19.776,19.3142,17.8619,17.8511,,,,,,,,,,,,,,,,,,,,,,,,,,,,,,,,,,,,,,,,,,,,,
X,Carbon dioxide (CO2) emissions from Transport (Energy) (Mt CO2e),,9.358,9.928,11.0668,11.6208,12.2388,11.4814,12.6731,13.4613,11.8827,13.173,,,,,,,,,,,,,,,,,,,,,,,,,,,,,,,,,,,,,,,,,,,,,
X,Carbon dioxide (CO2) emissions excluding LULUCF per capita (t CO2e/capita),,0.536099233,0.584484614,0.622997105,0.64322593,0.6629081,0.626122292,0.702428158,0.713556534,0.693947564,0.715539344,,,,,,,,,,,,,,,,,,,,,,,,,,,,,,,,,,,,,,,,,,,,,
X,Carbon dioxide (CO2) net fluxes from LULUCF - Total excluding non-tropical fires (Mt CO2e),,0.3743,0.3743,0.3743,0.3743,0.3743,0.3743,0.3743,0.3743,0.3743,,,,,,,,,,,,,,,,,,,,,,,,,,,,,,,,,,,,,,,,,,,,,,
X,Carbon dioxide (CO2) emissions from Industrial Combustion (Energy) (Mt CO2e),,13.4478,15.3955,18.1645,17.0881,18.5703,18.014,19.4525,17.9423,20.1904,20.8272,,,,,,,,,,,,,,,,,,,,,,,,,,,,,,,,,,,,,,,,,,,,,
X,Methane (CH4) emissions (total) excluding LULUCF (% change from 1990),,42.09270317,42.37460028,45.47898707,45.84574308,47.2732353,50.73423643,53.76349205,55.19077729,47.11138248,45.82359698,,,,,,,,,,,,,,,,,,,,,,,,,,,,,,,,,,,,,,,,,,,,,
X,Methane (CH4) emissions (total) excluding LULUCF (Mt CO2e),,68.6528,68.789,70.2889,70.4661,71.1558,72.828,74.2916,74.9812,71.0776,70.4554,,,,,,,,,,,,,,,,,,,,,,,,,,,,,,,,,,,,,,,,,,,,,
X,Methane (CH4) emissions from Building (Energy) (Mt CO2e),,3.7658,3.7244,3.6801,3.6043,3.5578,3.5178,3.6374,3.5746,3.5477,3.5666,,,,,,,,,,,,,,,,,,,,,,,,,,,,,,,,,,,,,,,,,,,,,
X,"Net official flows from UN agencies, UNCDF (current US$)",,,,,,,59631.99958,57261.9997,55606.00013,1530.000009,,,,,,,,,,,,,,,,,,,,,,,,,,,,,,,,,,,,,,,,,,,,,,
X,"Net financial flows, RDB nonconcessional (NFL, current US$)",,247542000,374588000,364931000,461042000,784105000,797247000,1517655000,767663000,1062259000,873233000,,,,,,,,,,,,,,,,,,,,,,,,,,,,,,,,,,,,,,,,,,,,,
X,"PNG, commercial banks and other creditors (NFL, current US$)",,237298000,-253068000,302464000,1842420000,-317864000,724451000,1989789000,277529000,1260591000,139918000,,,,,,,,,,,,,,,,,,,,,,,,,,,,,,,,,,,,,,,,,,,,,
X,"PPG, bonds (NFL, current US$)",,-23659000,65419000,113999000,161546000,136107000,167460000,-83852000,-409047000,-314510000,-181363000,,,,,,,,,,,,,,,,,,,,,,,,,,,,,,,,,,,,,,,,,,,,,
X,"Net financial flows, multilateral (NFL, current US$)",,1028362000,1395519000,1591019000,1963754000,2361872000,2552097000,2952546000,2935786000,3702417000,3421926000,,,,,,,,,,,,,,,,,,,,,,,,,,,,,,,,,,,,,,,,,,,,,
X,"Net financial flows, IMF concessional (NFL, current US$)",,,,,,,,,,,,,,,,,,,,,,,,,,,,,,,,,,,,,,,,,,,,,,,,,,,,,,,,
X,"Net official flows from UN agencies, FAO (current US$)",,,,,307875.0074,1428820.014,917644.0239,1215620.041,953059.0177,673196.0177,,,,,,,,,,,,,,,,,,,,,,,,,,,,,,,,,,,,,,,,,,,,,,
X,"Net financial flows, bilateral (NFL, current US$)",,255630083.2,800823955.1,2166207072,3863680868,2463946438,3908198832,4059986764,5323114563,3660785885,3180306317,,,,,,,,,,,,,,,,,,,,,,,,,,,,,,,,,,,,,,,,,,,,,
X,"IBRD loans and IDA credits (DOD, current US$)",,11533583000,11890490000,13620791000,14501231000,15788308000,17571890000,17831710000,18225852000,19772007000,20730695000,,,,,,,,,,,,,,,,,,,,,,,,,,,,,,,,,,,,,,,,,,,,,
X,"Short-term debt (% of exports of goods, services and primary income)",,18.88694814,20.75021875,27.40465395,20.28248073,21.56980982,28.39348128,36.44911971,30.6309894,23.97964429,23.43703676,,,,,,,,,,,,,,,,,,,,,,,,,,,,,,,,,,,,,,,,,,,,,
X,"External debt stocks, private nonguaranteed (PNG) (DOD, current US$)",,3357630000,3092904000,3395368000,5237873000,4900650000,5625101000,7614890000,7892419000,9153010000,9292928000,,,,,,,,,,,,,,,,,,,,,,,,,,,,,,,,,,,,,,,,,,,,,
X,"External debt stocks, total (DOD, current US$)",,38770937144,41569252898,51068283465,57125459321,62468325029,73550857817,91477590072,96944431751,1.01E+11,1.04E+11,,,,,,,,,,,,,,,,,,,,,,,,,,,,,,,,,,,,,,,,,,,,,
X,Net ODA provided to the least developed countries (% of GNI),,,,,,,,,,,,,,,,,,,,,,,,,,,,,,,,,,,,,,,,,,,,,,,,,,,,,,,,
X,"Net bilateral aid flows from DAC donors, Sweden (current US$)",,33258209.23,30016767.5,46775997.16,51032547,50559673.31,54417881.01,54148513.79,36061576.84,38567485.81,,,,,,,,,,,,,,,,,,,,,,,,,,,,,,,,,,,,,,,,,,,,,,
X,"Net bilateral aid flows from DAC donors, Poland (current US$)",,9549.0003,2281.999914,122773.9975,79746.99885,,678335.011,17495344.16,546290.9937,945141.0174,,,,,,,,,,,,,,,,,,,,,,,,,,,,,,,,,,,,,,,,,,,,,,
X,"Net bilateral aid flows from DAC donors, Luxembourg (current US$)",,1931404.948,2360586.882,3559329.033,3141380.072,4717121.124,4361280.918,4534764.767,4748705.864,6262855.053,,,,,,,,,,,,,,,,,,,,,,,,,,,,,,,,,,,,,,,,,,,,,,
X,"Net bilateral aid flows from DAC donors, Italy (current US$)",,668287.9925,248444.0058,963573.9923,1517207.98,2567926.884,2658339.977,2236470.938,9897852.898,1551839.948,,,,,,,,,,,,,,,,,,,,,,,,,,,,,,,,,,,,,,,,,,,,,,
X,"Intentional homicides, female (per 100,000 female)",,,,,,,,,,,,,,,,,,,,,,,,,,,,,,,,,,,,,,,,,,,,,,,,,,,,,,,,
X,Voice and Accountability: Standard Error,,0.129949942,0.125632703,0.126101553,0.129258499,0.123376437,0.127740592,0.127605394,0.125644028,0.123120748,,,,,,,,,,,,,,,,,,,,,,,,,,,,,,,,,,,,,,,,,,,,,,
X,Voice and Accountability: Number of Sources,,12,12,12,12,11,10,11,11,11,,,,,,,,,,,,,,,,,,,,,,,,,,,,,,,,,,,,,,,,,,,,,,
X,High-technology exports (% of manufactured exports),,0.307867105,0.242933626,0.426450633,0.539452074,,,,,,,,,,,,,,,,,,,,,,,,,,,,,,,,,,,,,,,,,,,,,,,,,,,
X,Export value index (2015 = 100),,100,107.8,110.6,121.1,121.4,103.7,136.4,168.7,172.1,,,,,,,,,,,,,,,,,,,,,,,,,,,,,,,,,,,,,,,,,,,,,,
X,Merchandise exports to low- and middle-income economies in Sub-Saharan Africa (% of total merchandise exports),,0.557536825,0.461707054,0.648435545,0.619018141,0.533432178,0.670402267,0.7598618,0.629319732,0.67566809,,,,,,,,,,,,,,,,,,,,,,,,,,,,,,,,,,,,,,,,,,,,,,
X,Merchandise exports to low- and middle-income economies in Europe & Central Asia (% of total merchandise exports),,2.549506491,2.35829228,2.170976874,1.567314707,1.441873783,1.738721029,1.193041556,1.130532845,1.305717825,,,,,,,,,,,,,,,,,,,,,,,,,,,,,,,,,,,,,,,,,,,,,,
X,Merchandise exports (current US$),,32379000000,34894000000,35851000000,39252000000,39337000000,33605000000,44223000000,51405000000,44237000000,47245000000,,,,,,,,,,,,,,,,,,,,,,,,,,,,,,,,,,,,,,,,,,,,,
X,Insurance and financial services (% of commercial service exports),,4.241769491,4.474893269,6.327004511,3.755720693,4.640007654,3.296102657,2.719317753,3.510153668,4.922150685,3.434815071,,,,,,,,,,,,,,,,,,,,,,,,,,,,,,,,,,,,,,,,,,,,,
X,Agricultural raw materials exports (% of merchandise exports),,0.747182515,0.939612361,0.727062955,0.767841924,,,,,,,,,,,,,,,,,,,,,,,,,,,,,,,,,,,,,,,,,,,,,,,,,,,
X,Net barter terms of trade index (2015 = 100),,100,99.4,94.5,91.1,96.9,101.3,83.6,73.9,80.9,,,,,,,,,,,,,,,,,,,,,,,,,,,,,,,,,,,,,,,,,,,,,,
X,"Computer, communications and other services (% of commercial service imports)",,9.434586006,10.75378094,11.5631148,13.7238395,17.32558094,19.94288102,17.14339584,11.80615134,13.20306783,19.26696955,,,,,,,,,,,,,,,,,,,,,,,,,,,,,,,,,,,,,,,,,,,,,
X,"Merchandise imports by the reporting economy, residual (% of total merchandise imports)",,0,5.02E-15,0,0.000858266,0.012647367,0.005006081,0.001167563,0.075668383,0.000341046,,,,,,,,,,,,,,,,,,,,,,,,,,,,,,,,,,,,,,,,,,,,,,
X,Merchandise imports from low- and middle-income economies in Latin America & the Caribbean (% of total merchandise imports),,3.71551925,4.147201686,5.028602421,3.648414825,4.093773389,5.230736052,4.801659351,4.55136474,4.862829295,,,,,,,,,,,,,,,,,,,,,,,,,,,,,,,,,,,,,,,,,,,,,,
X,Merchandise imports from high-income economies (% of total merchandise imports),,39.09951742,38.89350323,38.3513365,36.81127561,39.19653994,37.14761789,34.51935056,33.7651607,34.00796296,,,,,,,,,,,,,,,,,,,,,,,,,,,,,,,,,,,,,,,,,,,,,,
X,Manufactures imports (% of merchandise imports),,63.48043069,65.25255855,60.25310918,67.04900578,,,,,,,,,,,,,,,,,,,,,,,,,,,,,,,,,,,,,,,,,,,,,,,,,,,
X,Food imports (% of merchandise imports),,16.56157917,15.24178702,18.93461801,13.0022763,,,,,,,,,,,,,,,,,,,,,,,,,,,,,,,,,,,,,,,,,,,,,,,,,,,
X,"Tariff rate, applied, weighted mean, primary products (%)",,7.14,7.9,,,4.65,5.78,5.75,5.31,,,,,,,,,,,,,,,,,,,,,,,,,,,,,,,,,,,,,,,,,,,,,,,
X,"Binding coverage, primary products (%)",,53.23,53.23,,,53.62,53.62,53.62,53.62,,,,,,,,,,,,,,,,,,,,,,,,,,,,,,,,,,,,,,,,,,,,,,,
X,"Tariff rate, applied, simple mean, all products (%)",,11.97,12.96,,,12.19,12.53,12.57,12.89,,,,,,,,,,,,,,,,,,,,,,,,,,,,,,,,,,,,,,,,,,,,,,,
X,"Tariff rate, applied, weighted mean, manufactured products (%)",,13.27,12.37,,,11.12,13.36,13.34,12.94,,,,,,,,,,,,,,,,,,,,,,,,,,,,,,,,,,,,,,,,,,,,,,,
X,"Binding coverage, manufactured products (%)",,4.5,4.5,,,4.52,4.52,4.52,4.52,,,,,,,,,,,,,,,,,,,,,,,,,,,,,,,,,,,,,,,,,,,,,,,
X,"International tourism, expenditures (current US$)",,827000000,843000000,1127000000,1207000000,1389000000,659000000,,,,,,,,,,,,,,,,,,,,,,,,,,,,,,,,,,,,,,,,,,,,,,,,,
X,"International tourism, receipts for passenger transport items (current US$)",,300000.0119,300000.0119,7000000,4000000,3000000,899999.9762,,,,,,,,,,,,,,,,,,,,,,,,,,,,,,,,,,,,,,,,,,,,,,,,,
X,"International tourism, number of arrivals",,126000,182000,237000,267000,323000,,,,,,,,,,,,,,,,,,,,,,,,,,,,,,,,,,,,,,,,,,,,,,,,,,
X,Urban population growth (annual %),,2.068845805,2.023074625,1.93683061,1.861774431,1.841763029,1.785800738,1.718183955,1.894720851,2.738583854,2.820158817,,,,,,,,,,,,,,,,,,,,,,,,,,,,,,,,,,,,,,,,,,,,,
X,Completeness of death registration with cause-of-death information (%),,,,,,,,,,,,,,,,,,,,,,,,,,,,,,,,,,,,,,,,,,,,,,,,,,,,,,,,
X,"Completeness of birth registration, male (%)",,,,,25.4,56,,,,,,,,,,,,,,,,,,,,,,,,,,,,,,,,,,,,,,,,,,,,,,,,,,
X,"Population, female (% of total population)",,50.7300234,50.81732679,50.84421668,50.81361225,50.78486054,50.76376855,50.74978831,50.76338211,50.80236085,50.82824753,,,,,,,,,,,,,,,,,,,,,,,,,,,,,,,,,,,,,,,,,,,,,
X,Researchers in R&D (per million people),,,,,,,,,,,,,,,,,,,,,,,,,,,,,,,,,,,,,,,,,,,,,,,,,,,,,,,,
X,Age dependency ratio (% of working-age population),,56.45765399,55.37187683,54.64363954,54.32737517,54.17518793,54.06798937,53.96059214,53.62221377,53.09581931,52.64237806,,,,,,,,,,,,,,,,,,,,,,,,,,,,,,,,,,,,,,,,,,,,,
X,"Population ages 75-79, male (% of male population)",,0.848647022,0.882761803,0.918415018,0.956075975,0.997035073,1.031673241,1.059948155,1.09473516,1.124614441,1.139495946,,,,,,,,,,,,,,,,,,,,,,,,,,,,,,,,,,,,,,,,,,,,,
X,Population ages 65 and above (% of total population),,4.902601422,5.072238343,5.258889051,5.458144023,5.662558371,5.83513578,5.973813331,6.135157652,6.320548054,6.498462996,,,,,,,,,,,,,,,,,,,,,,,,,,,,,,,,,,,,,,,,,,,,,
X,"Population ages 65 and above, female (% of female population)",,4.968657274,5.155033953,5.35695316,5.565694953,5.768594151,5.937225601,6.065871967,6.205444924,6.367380219,6.529030101,,,,,,,,,,,,,,,,,,,,,,,,,,,,,,,,,,,,,,,,,,,,,
X,"Population ages 60-64, male (% of male population)",,2.731556257,2.821480775,2.912034985,2.992193642,3.04806647,3.082574511,3.096688291,3.112478814,3.142258092,3.170636374,,,,,,,,,,,,,,,,,,,,,,,,,,,,,,,,,,,,,,,,,,,,,
X,"Population ages 50-54, male (% of male population)",,4.245178363,4.256519884,4.261421302,4.261369245,4.264318767,4.276161299,4.299947753,4.330624341,4.365618693,4.407099105,,,,,,,,,,,,,,,,,,,,,,,,,,,,,,,,,,,,,,,,,,,,,
X,"Population ages 40-44, male (% of male population)",,5.473703634,5.544074951,5.589205557,5.636093562,5.727464969,5.869449449,6.06307508,6.2601857,6.434515512,6.595422863,,,,,,,,,,,,,,,,,,,,,,,,,,,,,,,,,,,,,,,,,,,,,
X,"Population ages 30-34, male (% of male population)",,7.336297836,7.360832817,7.448139388,7.560132704,7.563922314,7.448955656,7.246706904,7.093660572,7.070060258,7.132166918,,,,,,,,,,,,,,,,,,,,,,,,,,,,,,,,,,,,,,,,,,,,,
X,"Population ages 20-24, male (% of male population)",,9.419535477,9.367014067,9.355464622,9.340572556,9.237912999,9.032385341,8.758913646,8.608741107,8.6481288,8.757945055,,,,,,,,,,,,,,,,,,,,,,,,,,,,,,,,,,,,,,,,,,,,,
X,"Population ages 15-64, male (% of male population)",,62.99165311,63.40587653,63.69772087,63.80454687,63.78722592,63.72434831,63.65480884,63.72422426,63.93225096,64.1467463,,,,,,,,,,,,,,,,,,,,,,,,,,,,,,,,,,,,,,,,,,,,,
X,"Population ages 15-19, male (% of male population)",,10.75015101,10.87274399,10.79002555,10.50421126,10.24540861,10.07957235,10.03351782,10.07772059,10.11870509,10.10410955,,,,,,,,,,,,,,,,,,,,,,,,,,,,,,,,,,,,,,,,,,,,,
X,"Population ages 05-09, male (% of male population)",,10.71170424,10.40209165,10.18967086,10.10393578,10.04700095,9.990101171,9.914996899,9.766247705,9.589693585,9.463858684,,,,,,,,,,,,,,,,,,,,,,,,,,,,,,,,,,,,,,,,,,,,,
X,"Population ages 0-14, male (% of male population)",,32.17375879,31.60743256,31.14482255,30.84841813,30.65963351,30.54577303,30.46623948,30.21308488,29.79556072,29.38638755,,,,,,,,,,,,,,,,,,,,,,,,,,,,,,,,,,,,,,,,,,,,,
X,"Population ages 00-04, male (% of male population)",,10.00274233,9.935082556,9.934056074,9.954508522,9.961804259,9.974167881,9.994526557,10.01176567,10.01825488,10.0083561,,,,,,,,,,,,,,,,,,,,,,,,,,,,,,,,,,,,,,,,,,,,,
X,Women who were first married by age 15 (% of women ages 20-24),,,,,19.3,15.5,,,,,,,,,,,,,,,,,,,,,,,,,,,,,,,,,,,,,,,,,,,,,,,,,,
X,"Survival to age 65, female (% of cohort)",,77.449615,78.099271,78.737168,79.377826,80.001991,78.662712,77.041168,81.950649,82.333,,,,,,,,,,,,,,,,,,,,,,,,,,,,,,,,,,,,,,,,,,,,,,
X,"Life expectancy at birth, female (years)",,72.597,73.066,73.51,73.953,74.399,73.428,72.847,76.051,76.373,,,,,,,,,,,,,,,,,,,,,,,,,,,,,,,,,,,,,,,,,,,,,,
X,"Contraceptive prevalence, any method (% of married women ages 15-49)",,,62.8,,61.9,62.70176995,,,64,,,,,,,,,,,,,,,,,,,,,,,,,,,,,,,,,,,,,,,,,,,,,,,
X,"Mortality rate, adult, male (per 1,000 male adults)",,183.044,178.237,172.886,167.322,161.882,162.579,181.104,144.838,141.409,,,,,,,,,,,,,,,,,,,,,,,,,,,,,,,,,,,,,,,,,,,,,,
X,"Prevalence of stunting, height for age (% of children under 5)",,35,,,30.9,28,,,23.6,,,,,,,,,,,,,,,,,,,,,,,,,,,,,,,,,,,,,,,,,,,,,,,
X,"Prevalence of stunting, height for age, male (% of children under 5)",,35,,,30.8,28,,,23.8,,,,,,,,,,,,,,,,,,,,,,,,,,,,,,,,,,,,,,,,,,,,,,,
X,"People using safely managed sanitation services, rural (% of rural population)",,24.88886114,26.58644492,28.34847285,30.17595456,32.06989965,34.03131773,36.06121843,38.16061135,40.30276982,41.93476506,,,,,,,,,,,,,,,,,,,,,,,,,,,,,,,,,,,,,,,,,,,,,
X,"Prevalence of overweight, weight for height (% of children under 5)",,1.4,,,2.2,2.4,,,1.6,,,,,,,,,,,,,,,,,,,,,,,,,,,,,,,,,,,,,,,,,,,,,,,
X,"Prevalence of overweight, weight for height, male (% of children under 5)",,,,,2.6,2.6,,,1.4,,,,,,,,,,,,,,,,,,,,,,,,,,,,,,,,,,,,,,,,,,,,,,,
X,People practicing open defecation (% of population),,3.409530667,2.678184505,1.958886517,1.251650355,0.556452637,0,0,0,0,0,,,,,,,,,,,,,,,,,,,,,,,,,,,,,,,,,,,,,,,,,,,,,
X,"Maternal mortality ratio (modeled estimate, per 100,000 live births)",,204,191,179,168,157,152,194,131,115,,,,,,,,,,,,,,,,,,,,,,,,,,,,,,,,,,,,,,,,,,,,,,
X,People with basic handwashing facilities including soap and water (% of population),,41.76759925,45.16067774,48.54037431,51.90649904,55.2590731,58.59812551,61.92335392,65.23467455,68.53234126,71.81614905,,,,,,,,,,,,,,,,,,,,,,,,,,,,,,,,,,,,,,,,,,,,,
X,Diabetes prevalence (% of population ages 20 to 79),,,,,,,,,,,13.2,,,,,,,,,,,,,,,,,,,,,,,,,,,,,,,,,,,,,,,,,,,,,
X,People using at least basic sanitation services (% of population),,50.00502455,51.92830014,53.86102498,55.80268958,57.75287386,59.71116594,61.67708985,63.65027113,65.63041363,67.61717512,,,,,,,,,,,,,,,,,,,,,,,,,,,,,,,,,,,,,,,,,,,,,
X,Pregnant women receiving prenatal care (%),,,,,81.9,75.2,,,,,,,,,,,,,,,,,,,,,,,,,,,,,,,,,,,,,,,,,,,,,,,,,,
X,"Number of surgical procedures (per 100,000 population)",,,,,,,,,,,,,,,,,,,,,,,,,,,,,,,,,,,,,,,,,,,,,,,,,,,,,,,,
X,"Prevalence of current tobacco use, females (% of female adults)",,22.3,,,,,17.1,16.2,15.4,,,,,,,,,,,,,,,,,,,,,,,,,,,,,,,,,,,,,,,,,,,,,,,
X,Lifetime risk of maternal death (1 in: rate varies by country),,211,226,245,261,278,286,225,331,381,,,,,,,,,,,,,,,,,,,,,,,,,,,,,,,,,,,,,,,,,,,,,,
X,"Incidence of malaria (per 1,000 population at risk)",,2.65,1.82,1.91,0.7,1.19,0.42,0.5,1.23,1.1,0.86,,,,,,,,,,,,,,,,,,,,,,,,,,,,,,,,,,,,,,,,,,,,,
X,"Community health workers (per 1,000 people)",,,,,,,,,,,,,,,,,,,,,,,,,,,,,,,,,,,,,,,,,,,,,,,,,,,,,,,,
X,"Immunization, HepB3 (% of one-year-old children)",,98,98,98,98,98,98,97,97,97,97,,,,,,,,,,,,,,,,,,,,,,,,,,,,,,,,,,,,,,,,,,,,,
X,Young people (ages 15-24) newly infected with HIV,,500,500,500,500,500,500,500,500,500,500,,,,,,,,,,,,,,,,,,,,,,,,,,,,,,,,,,,,,,,,,,,,,
X,Adults (ages 15-49) newly infected with HIV,,,,,,,,,,,,,,,,,,,,,,,,,,,,,,,,,,,,,,,,,,,,,,,,,,,,,,,,
X,Children (0-14) living with HIV,,,,,,,,,,,,,,,,,,,,,,,,,,,,,,,,,,,,,,,,,,,,,,,,,,,,,,,,
X,People using at least basic drinking water services (% of population),,97.40314382,97.58269817,97.75942557,97.93331617,98.10436331,98.27257197,98.43794366,98.57929725,98.68166836,98.78254219,,,,,,,,,,,,,,,,,,,,,,,,,,,,,,,,,,,,,,,,,,,,,
X,"Mortality rate, neonatal (per 1,000 live births)",,23.6,22.5,21.3,20.2,19.3,18.7,18.3,18,17.9,,,,,,,,,,,,,,,,,,,,,,,,,,,,,,,,,,,,,,,,,,,,,,
X,"Mortality rate, under-5, male (per 1,000 live births)",,41.2,39.2,37.4,35.8,34.5,33.6,33,32.7,32.6,,,,,,,,,,,,,,,,,,,,,,,,,,,,,,,,,,,,,,,,,,,,,,
X,Women's share of population ages 15+ living with HIV (%),,32.01829914,32.10375298,32.29174986,32.4817048,32.65508505,32.77697903,32.83614083,32.81836208,32.66122266,32.37845466,,,,,,,,,,,,,,,,,,,,,,,,,,,,,,,,,,,,,,,,,,,,,
X,"Probability of dying among children ages 5-9 years (per 1,000)",,3.4,3.3,3.2,3.1,2.9,2.8,2.7,2.6,2.5,,,,,,,,,,,,,,,,,,,,,,,,,,,,,,,,,,,,,,,,,,,,,,
X,"Cause of death, by injury (% of total)",,7.488485298,,,,7.131492663,,,,,,,,,,,,,,,,,,,,,,,,,,,,,,,,,,,,,,,,,,,,,,,,,,
X,Number of deaths ages 15-19 years,,19160,20143,20658,20588,20142,19564,19104,18758,18376,,,,,,,,,,,,,,,,,,,,,,,,,,,,,,,,,,,,,,,,,,,,,,
X,"Condom use, population ages 15-24, female (% of females ages 15-24)",,,,,,,,,,,,,,,,,,,,,,,,,,,,,,,,,,,,,,,,,,,,,,,,,,,,,,,,
X,"Total alcohol consumption per capita, male (liters of pure alcohol, projected estimates, male 15+ years of age)",,0.009,0.009,0.009,0.009,0.009,0.16,,,,,,,,,,,,,,,,,,,,,,,,,,,,,,,,,,,,,,,,,,,,,,,,,
X,Women who believe a husband is justified in beating his wife (any of five reasons) (%),,,,,20.1,,,,,,,,,,,,,,,,,,,,,,,,,,,,,,,,,,,,,,,,,,,,,,,,,,,
X,Women who believe a husband is justified in beating his wife when she argues with him (%),,,,,13.7,,,,,,,,,,,,,,,,,,,,,,,,,,,,,,,,,,,,,,,,,,,,,,,,,,,
X,Women Business and the Law Index Score (scale 1-100),,49.375,49.375,49.375,49.375,49.375,49.375,49.375,49.375,49.375,,,,,,,,,,,,,,,,,,,,,,,,,,,,,,,,,,,,,,,,,,,,,,
X,"Government expenditure on education, total (% of GDP)",,1.872254171,1.281839967,2.113428754,2.094774735,1.130949974,2.139743517,2.170908825,2.085386578,2.162138263,2.034384779,,,,,,,,,,,,,,,,,,,,,,,,,,,,,,,,,,,,,,,,,,,,,
X,Expenditure on secondary education (% of government expenditure on education),,,64.32827,,,,,,,,,,,,,,,,,,,,,,,,,,,,,,,,,,,,,,,,,,,,,,,,,,,,,
X,"Current education expenditure, total (% of total expenditure in public institutions)",,,85.81730652,,,71.03983307,,,,,,,,,,,,,,,,,,,,,,,,,,,,,,,,,,,,,,,,,,,,,,,,,,
X,"Tertiary education, academic staff (% female)",,,22.6437164,23.66028288,24.23179976,27.08136235,28.25473178,,29.79060811,27.75986361,29.11261658,,,,,,,,,,,,,,,,,,,,,,,,,,,,,,,,,,,,,,,,,,,,,
X,"Pupil-teacher ratio, tertiary",,,28.96697,30.34408,37.11937,,,,,,,,,,,,,,,,,,,,,,,,,,,,,,,,,,,,,,,,,,,,,,,,,,,
X,"Educational attainment, at least Master's or equivalent, population 25+, total (%) (cumulative)",,3.329999924,3.480000019,3.789999962,4.019999981,4.260000229,,3.369999886,3.688798506,3.611661418,,,,,,,,,,,,,,,,,,,,,,,,,,,,,,,,,,,,,,,,,,,,,,
X,"Educational attainment, Doctoral or equivalent, population 25+, male (%) (cumulative)",,0.219999999,0.230000004,0.239999995,0.25999999,0.270000011,0.319999993,0.039999999,0.083507493,0.069946721,,,,,,,,,,,,,,,,,,,,,,,,,,,,,,,,,,,,,,,,,,,,,,
X,"Educational attainment, at least Bachelor's or equivalent, population 25+, female (%) (cumulative)",,5.300000191,5.449999809,5.920000076,6.349999905,6.670000076,,6.920000076,5.075696513,5.104955998,,,,,,,,,,,,,,,,,,,,,,,,,,,,,,,,,,,,,,,,,,,,,,
X,"Secondary education, teachers (% female)",,,22.37854488,22.01056461,22.41167068,,26.19136159,20.93285161,26.94088284,27.31959894,28.6811034,,,,,,,,,,,,,,,,,,,,,,,,,,,,,,,,,,,,,,,,,,,,,
X,Trained teachers in upper secondary education (% of total teachers),,,58.54382565,,,,61.32560211,60.83652489,62.49630128,63.20269188,55.23089153,,,,,,,,,,,,,,,,,,,,,,,,,,,,,,,,,,,,,,,,,,,,,
X,Trained teachers in lower secondary education (% of total teachers),,,,,,,62.16824314,66.9763229,66.96696015,67.71366626,54.69434775,,,,,,,,,,,,,,,,,,,,,,,,,,,,,,,,,,,,,,,,,,,,,
X,Progression to secondary school (%),,,,,,,,,,,,,,,,,,,,,,,,,,,,,,,,,,,,,,,,,,,,,,,,,,,,,,,,
X,CPIA property rights and rule-based governance rating (1=low to 6=high),,3,2.5,2.5,2.5,2.5,2.5,2.5,2.5,3,3,,,,,,,,,,,,,,,,,,,,,,,,,,,,,,,,,,,,,,,,,,,,,
X,IDA resource allocation index (1=low to 6=high),,3.30833,3.28333,3.233333333,3.191666667,3.1,3.075,3.1,3.058333,3.116667,3.108333,,,,,,,,,,,,,,,,,,,,,,,,,,,,,,,,,,,,,,,,,,,,,
X,CPIA financial sector rating (1=low to 6=high),,2.5,2.5,2.5,2.5,2.5,2.5,2.5,2.5,2.5,2.5,,,,,,,,,,,,,,,,,,,,,,,,,,,,,,,,,,,,,,,,,,,,,
X,CPIA debt policy rating (1=low to 6=high),,4,4,4,4,4,4,4,4,4,4,,,,,,,,,,,,,,,,,,,,,,,,,,,,,,,,,,,,,,,,,,,,,
X,"Patent applications, residents",,41,77,61,69,68,40,74,,,,,,,,,,,,,,,,,,,,,,,,,,,,,,,,,,,,,,,,,,,,,,,,
X,"Industrial design applications, nonresident, by count",,92,97,130,117,104,79,86,,,,,,,,,,,,,,,,,,,,,,,,,,,,,,,,,,,,,,,,,,,,,,,,
X,Public private partnerships investment in energy (current US$),,300000000,170000000,438000000,269000000,35710000,2087000000,,613000000,247550000,,,,,,,,,,,,,,,,,,,,,,,,,,,,,,,,,,,,,,,,,,,,,,
X,Investment in energy with private participation (current US$),,300000000,170000000,438000000,269000000,35710000,2087000000,,613000000,247550000,,,,,,,,,,,,,,,,,,,,,,,,,,,,,,,,,,,,,,,,,,,,,,
X,Time spent dealing with the requirements of government regulations (% of senior management time),,,,,,,,,13.29795074,,,,,,,,,,,,,,,,,,,,,,,,,,,,,,,,,,,,,,,,,,,,,,,
X,"Firms that introduced a new product/service and process, and spent on R&D",,,,,,,,,0,,,,,,,,,,,,,,,,,,,,,,,,,,,,,,,,,,,,,,,,,,,,,,,
X,Firms with at least 10% foreign ownership,,,,,,,,,1.166622996,,,,,,,,,,,,,,,,,,,,,,,,,,,,,,,,,,,,,,,,,,,,,,,
X,Firms adopting energy management measures to reduce emissions (% of firms),,,,,,,,,73.88058472,,,,,,,,,,,,,,,,,,,,,,,,,,,,,,,,,,,,,,,,,,,,,,,
X,Informal payments to public officials (% of firms),,,,,,,,,30.67969322,,,,,,,,,,,,,,,,,,,,,,,,,,,,,,,,,,,,,,,,,,,,,,,
X,Bribery incidence (% of firms experiencing at least one bribe payment request),,,,,,,,,22.98943138,,,,,,,,,,,,,,,,,,,,,,,,,,,,,,,,,,,,,,,,,,,,,,,
X,Firms experiencing electrical outages (% of firms),,,,,,,,,71.35041046,,,,,,,,,,,,,,,,,,,,,,,,,,,,,,,,,,,,,,,,,,,,,,,
X,New businesses registered (number),,7556,8103,7629,4473,,,,,,,,,,,,,,,,,,,,,,,,,,,,,,,,,,,,,,,,,,,,,,,,,,,
X,B-READY: Utility Services Pillar 1: Quality of Regulations on Utility Services,,,,,,,,,,,52.81249806,,,,,,,,,,,,,,,,,,,,,,,,,,,,,,,,,,,,,,,,,,,,,
X,B-READY: Taxation Pillar 1: Quality of Regulations on Taxation,,,,,,,,,,,44.75,,,,,,,,,,,,,,,,,,,,,,,,,,,,,,,,,,,,,,,,,,,,,
X,B-READY: Pillar 1: Regulatory Framework,,,,,,,,,,,56.94009781,,,,,,,,,,,,,,,,,,,,,,,,,,,,,,,,,,,,,,,,,,,,,
X,B-READY: Market Competition: Overall Score,,,,,,,,,,,42.65213224,,,,,,,,,,,,,,,,,,,,,,,,,,,,,,,,,,,,,,,,,,,,,
X,B-READY: Labor: Overall Score,,,,,,,,,,,64.01495361,,,,,,,,,,,,,,,,,,,,,,,,,,,,,,,,,,,,,,,,,,,,,
X,B-READY: International Trade: Overall Score,,,,,,,,,,,53.70974546,,,,,,,,,,,,,,,,,,,,,,,,,,,,,,,,,,,,,,,,,,,,,
X,B-READY: Financial Services: Overall Score,,,,,,,,,,,61.44999993,,,,,,,,,,,,,,,,,,,,,,,,,,,,,,,,,,,,,,,,,,,,,
X,B-READY: Dispute Resolution: Overall Score,,,,,,,,,,,41.90183004,,,,,,,,,,,,,,,,,,,,,,,,,,,,,,,,,,,,,,,,,,,,,
X,B-READY: Business Location: Overall Score,,,,,,,,,,,66.91033174,,,,,,,,,,,,,,,,,,,,,,,,,,,,,,,,,,,,,,,,,,,,,
X,B-READY: Business Insolvency: Overall Score,,,,,,,,,,,40.38888667,,,,,,,,,,,,,,,,,,,,,,,,,,,,,,,,,,,,,,,,,,,,,
X,B-READY: Business Entry: Overall Score,,,,,,,,,,,74.08333294,,,,,,,,,,,,,,,,,,,,,,,,,,,,,,,,,,,,,,,,,,,,,
X,"Human capital index plus (HCI+): on-the-job learning pillar score, total (scale -30–87)",,26.07808908,,,,,26.25653683,,,,,27.4412307,,,,,,,,,,,,,,,,,,,,,,,,,,,,,,,,,,,,,,,,,,,,
X,"Human capital index plus (HCI+): health pillar score, male (scale 0–50)",,37.49477612,,,,,39.84097256,,,,,41.23749028,,,,,,,,,,,,,,,,,,,,,,,,,,,,,,,,,,,,,,,,,,,,
X,"Human capital index plus (HCI+): education pillar score, female (scale 0–188)",,61.67667621,,,,,71.06488192,,,,,78.73763431,,,,,,,,,,,,,,,,,,,,,,,,,,,,,,,,,,,,,,,,,,,,
X,"Government Effectiveness: Percentile Rank, Lower Bound of 90% Confidence Interval",,12.38095284,13.80952358,13.33333302,11.90476227,12.38095284,11.4285717,12.85714245,11.320755,12.73584938,,,,,,,,,,,,,,,,,,,,,,,,,,,,,,,,,,,,,,,,,,,,,,
X,Subsidies and other transfers (% of expense),,31.76953487,34.10061452,33.48432753,33.69491379,36.1846741,36.00294186,34.12039334,,,,,,,,,,,,,,,,,,,,,,,,,,,,,,,,,,,,,,,,,,,,,,,,
X,Other expense (% of expense),,9.327169062,6.68312737,3.847012642,3.423439757,3.284976492,3.568940156,6.766550486,,,,,,,,,,,,,,,,,,,,,,,,,,,,,,,,,,,,,,,,,,,,,,,,
X,Interest payments (current LCU),,3.10E+11,3.31E+11,3.53E+11,4.18E+11,5.01E+11,5.83E+11,7.06E+11,,,,,,,,,,,,,,,,,,,,,,,,,,,,,,,,,,,,,,,,,,,,,,,,
X,Compensation of employees (current LCU),,2.95E+11,4.11E+11,5.16E+11,5.14E+11,5.62E+11,5.80E+11,5.97E+11,,,,,,,,,,,,,,,,,,,,,,,,,,,,,,,,,,,,,,,,,,,,,,,,
X,Tax revenue (% of GDP),,8.498348828,7.316911848,6.997142632,7.731772166,7.638638954,7.001536744,7.642363009,,,,,,,,,,,,,,,,,,,,,,,,,,,,,,,,,,,,,,,,,,,,,,,,
X,Taxes on international trade (% of revenue),,23.72591929,24.54659162,10.12136038,9.966875527,9.273535574,8.607704287,9.317768838,,,,,,,,,,,,,,,,,,,,,,,,,,,,,,,,,,,,,,,,,,,,,,,,
X,Taxes on goods and services (% value added of industry and services),,3.885638326,3.382120874,4.83544688,5.265813268,5.201538662,4.425810283,4.90515398,,,,,,,,,,,,,,,,,,,,,,,,,,,,,,,,,,,,,,,,,,,,,,,,
X,Taxes on exports (current LCU),,39100000,300000000,216400000,338800000,1145572000,773900000,5889668,,,,,,,,,,,,,,,,,,,,,,,,,,,,,,,,,,,,,,,,,,,,,,,,
X,"Access to clean fuels and technologies for cooking, urban (% of urban population)",,51.3,53.2,54.8,56.9,58.1,59.5,60.9,62.3,63.2,,,,,,,,,,,,,,,,,,,,,,,,,,,,,,,,,,,,,,,,,,,,,,
X,"Public and publicly guaranteed debt service (% of exports of goods, services and primary income)",,3.689624242,3.253734129,3.786426459,3.837249963,4.223474857,5.205057093,5.599572717,5.623213783,7.456483021,9.247868241,,,,,,,,,,,,,,,,,,,,,,,,,,,,,,,,,,,,,,,,,,,,,
X,"IMF repurchases and charges (TDS, current US$)",,47433123.2,19312083,13056142.6,52465331.7,120692798.4,131817586.8,188871778.1,194414713.2,351267125.3,441662915.4,,,,,,,,,,,,,,,,,,,,,,,,,,,,,,,,,,,,,,,,,,,,,
X,Net ODA received (% of central government expense),,14.75366041,12.14548639,16.85220022,12.64258112,15.08442954,17.64255928,14.69097113,,,,,,,,,,,,,,,,,,,,,,,,,,,,,,,,,,,,,,,,,,,,,,,,
X,Net ODA received (% of GNI),,1.247700173,0.912232555,1.244518224,0.911021786,1.198729862,1.380433446,1.161763754,1.088047907,1.249546955,,,,,,,,,,,,,,,,,,,,,,,,,,,,,,,,,,,,,,,,,,,,,,
X,Net official aid received (current US$),,,,,,,,,,,,,,,,,,,,,,,,,,,,,,,,,,,,,,,,,,,,,,,,,,,,,,,,
X,"Net official flows from UN agencies, WHO (current US$)",,5407368.183,7749348.164,4578620.911,3961117.029,7175784.111,5580839.157,7978300.095,6089485.168,7913891.792,,,,,,,,,,,,,,,,,,,,,,,,,,,,,,,,,,,,,,,,,,,,,,
X,"Net official flows from UN agencies, UNTA (current US$)",,,,,,,,,,,,,,,,,,,,,,,,,,,,,,,,,,,,,,,,,,,,,,,,,,,,,,,,
X,"Net official flows from UN agencies, UNIDIR (current US$)",,,,,,,,,,,,,,,,,,,,,,,,,,,,,,,,,,,,,,,,,,,,,,,,,,,,,,,,
X,"Net official flows from UN agencies, UNDP (current US$)",,11221615.79,7086114.883,6543824.196,4379250.05,6625977.993,6291331.768,6270737.171,5939233.78,,,,,,,,,,,,,,,,,,,,,,,,,,,,,,,,,,,,,,,,,,,,,,,
X,"Net official flows from UN agencies, UNICEF (current US$)",,25275148.39,22203199.39,21039939.88,23990585.33,28010000.23,20929000.85,17704000.47,15131999.97,16313999.18,,,,,,,,,,,,,,,,,,,,,,,,,,,,,,,,,,,,,,,,,,,,,,
X,"Net official flows from UN agencies, SDGFUND (current US$)",,,,,,,,1448549.986,228496.9985,,,,,,,,,,,,,,,,,,,,,,,,,,,,,,,,,,,,,,,,,,,,,,,
X,"Net bilateral aid flows from DAC donors, Finland (current US$)",,784350.9912,445870.9955,959828.0191,2865925.074,980143.0106,871823.0128,564715.0278,514634.0132,599380.0163,,,,,,,,,,,,,,,,,,,,,,,,,,,,,,,,,,,,,,,,,,,,,,
X,"Net bilateral aid flows from DAC donors, Germany (current US$)",,82825553.89,61082748.41,79166618.35,118797500.6,131477264.4,165784057.6,133876052.9,192403457.6,176479538,,,,,,,,,,,,,,,,,,,,,,,,,,,,,,,,,,,,,,,,,,,,,,
X,"Net bilateral aid flows from DAC donors, Canada (current US$)",,49153064.73,45909652.71,39015048.98,89279029.85,81533920.29,68645828.25,86007438.66,91123168.95,75380599.98,,,,,,,,,,,,,,,,,,,,,,,,,,,,,,,,,,,,,,,,,,,,,,
X,"Stocks traded, turnover ratio of domestic shares (%)",,20.78692693,21.75655382,30.75356744,20.858023,20.3781142,17.609074,38.518244,20.0999564,11.945741,14.5374705,,,,,,,,,,,,,,,,,,,,,,,,,,,,,,,,,,,,,,,,,,,,,
X,Market capitalization of listed domestic companies (% of GDP),,33.55675015,26.55087308,29.33920001,24.08197883,18.34017782,24.00497189,26.2482229,25.04288506,25.50377446,19.53740135,,,,,,,,,,,,,,,,,,,,,,,,,,,,,,,,,,,,,,,,,,,,,
X,"Control of Corruption: Percentile Rank, Upper Bound of 90% Confidence Interval",,30.95238113,30.95238113,29.52380943,26.66666603,24.76190567,24.76190567,26.19047546,21.69811249,20.75471687,,,,,,,,,,,,,,,,,,,,,,,,,,,,,,,,,,,,,,,,,,,,,,
X,Control of Corruption: Estimate,,-0.844677091,-0.887518942,-0.858602941,-0.926822603,-1.017209649,-1.003712177,-0.986505091,-1.075751781,-1.120866418,,,,,,,,,,,,,,,,,,,,,,,,,,,,,,,,,,,,,,,,,,,,,,
X,"Secondary income receipts (BoP, current US$)",,15857520080,14238722311,14112492937,16242650571,19076271276,22553236672,22941445719,22210758130,22847553813,27909910162,,,,,,,,,,,,,,,,,,,,,,,,,,,,,,,,,,,,,,,,,,,,,
X,"Travel services (% of service exports, BoP)",,4.627229743,6.03108029,8.807861121,6.487078263,6.251091328,3.606990215,3.652134328,5.108233714,7.113293144,5.900174421,,,,,,,,,,,,,,,,,,,,,,,,,,,,,,,,,,,,,,,,,,,,,
X,"Service exports (BoP, current US$)",,3233220375,3540624812,3869669932,5446134026,6213746401,6019825463,7474532386,8234092677,6378268961,7471706965,,,,,,,,,,,,,,,,,,,,,,,,,,,,,,,,,,,,,,,,,,,,,
X,"Primary income receipts (BoP, current US$)",,138697555.6,94126279.16,110995145.1,390193877.2,182292531.3,217613003,335378838.9,428021418.4,461968244.5,491962539,,,,,,,,,,,,,,,,,,,,,,,,,,,,,,,,,,,,,,,,,,,,,
X,"Technical cooperation grants (BoP, current US$)",,179112919,189257498,210113487,197218288,217374105,196403661,240221031,310168809,230420538,,,,,,,,,,,,,,,,,,,,,,,,,,,,,,,,,,,,,,,,,,,,,,
X,"Reserves and related items (BoP, current US$)",,5416753490,5094740777,628278669.5,-1057683832,635226504.3,9277494453,3564249822,-10789409489,-4969436290,-1132104196,,,,,,,,,,,,,,,,,,,,,,,,,,,,,,,,,,,,,,,,,,,,,
X,"Net trade in goods (BoP, current US$)",,-6120242244,-6243937554,-12965813782,-17284133892,-15928569464,-16393590453,-32616728177,-29612691454,-9652131723,-16491076072,,,,,,,,,,,,,,,,,,,,,,,,,,,,,,,,,,,,,,,,,,,,,
X,Current account balance (% of GDP),,1.321888719,0.351171861,-2.037566004,-2.207839121,-0.839485005,0.318940442,-3.789692599,-3.137720274,1.003067695,0.318705013,,,,,,,,,,,,,,,,,,,,,,,,,,,,,,,,,,,,,,,,,,,,,
X,"Foreign direct investment, net outflows (% of GDP)",,0.030695908,0.015276289,0.043148885,0.005977682,0.006565969,0.001285526,0.0199832,0.006867194,0.001827068,0.007576895,,,,,,,,,,,,,,,,,,,,,,,,,,,,,,,,,,,,,,,,,,,,,
X,"Imports of goods, services and primary income (BoP, current US$)",,48297626956,50948491328,59268104068,67710074715,66963788016,59835136507,88070789359,96850113683,77501889185,81398218426,,,,,,,,,,,,,,,,,,,,,,,,,,,,,,,,,,,,,,,,,,,,,
X,"Insurance and financial services (% of service imports, BoP)",,6.390037855,11.45842003,11.38546192,16.53670055,11.62472712,7.607865754,6.950743672,6.494069482,8.13469375,6.393513748,,,,,,,,,,,,,,,,,,,,,,,,,,,,,,,,,,,,,,,,,,,,,
X,Trade in services (% of GDP),,5.612547785,4.276608662,4.210639328,4.687943432,4.4903496,3.729201074,4.405907285,4.438726695,3.976086453,4.389405152,,,,,,,,,,,,,,,,,,,,,,,,,,,,,,,,,,,,,,,,,,,,,
X,Food production index (2014-2016 = 100),,100.7,101.33,110.77,110.54,111.94,115.91,121.59,125.2,,,,,,,,,,,,,,,,,,,,,,,,,,,,,,,,,,,,,,,,,,,,,,,
X,Rural land area (sq. km),,79328.8629,,,,,,,,,,,,,,,,,,,,,,,,,,,,,,,,,,,,,,,,,,,,,,,,,,,,,,
X,Forest area (% of land area),,14.46877161,14.46877161,14.46877161,14.46877161,14.46877161,14.46877161,14.46877161,14.45877476,14.48992153,,,,,,,,,,,,,,,,,,,,,,,,,,,,,,,,,,,,,,,,,,,,,,
X,Urban land area where elevation is below 5 meters (sq. km),,7024.521424,,,,,,,,,,,,,,,,,,,,,,,,,,,,,,,,,,,,,,,,,,,,,,,,,,,,,,
X,Land under cereal production (hectares),,12156367,11793602,12430005,12278572,12302411,12232598,12521054,12496558,12466498,,,,,,,,,,,,,,,,,,,,,,,,,,,,,,,,,,,,,,,,,,,,,,
X,Agricultural land (% of land area),,70.38672505,70.63232696,70.579473,70.69447645,72.1902128,72.44372743,72.35154029,72.37064333,72.31112479,,,,,,,,,,,,,,,,,,,,,,,,,,,,,,,,,,,,,,,,,,,,,,
X,Refugees under the mandate of the UNRWA by country or territory of asylum,,,,,,,,,,,,,,,,,,,,,,,,,,,,,,,,,,,,,,,,,,,,,,,,,,,,,,,,
X,Other people in need of international protection by country or territory of asylum,,,,,,,,,,,,,,,,,,,,,,,,,,,,,,,,,,,,,,,,,,,,,,,,,,,,,,,,
X,Asylum-seekers by country or territory of origin,,30544,25929,68118,58843,62860,64636,65495,61298,75867,108131,,,,,,,,,,,,,,,,,,,,,,,,,,,,,,,,,,,,,,,,,,,,,
X,"Children in employment, wage workers, female (% of female children in employment, ages 7-14)",,,,,,,,,,,,,,,,,,,,,,,,,,,,,,,,,,,,,,,,,,,,,,,,,,,,,,,,
X,"Unemployment, male (% of male labor force) (national estimate)",,,3.09,3.315,,,,,4.429,3.413,3.73,,,,,,,,,,,,,,,,,,,,,,,,,,,,,,,,,,,,,,,,,,,,,
X,"Share of youth not in education, employment or training, total (% of youth population)  (modeled ILO estimate)",,29.124,28.88,27.386,24.753,22.067,20.161,17.505,14.958,14.338,15.431,15.598,,,,,,,,,,,,,,,,,,,,,,,,,,,,,,,,,,,,,,,,,,,,
X,"Share of youth not in education, employment or training, female (% of female youth population) (modeled ILO estimate)",,46.841,47.763,44.774,39.078,33.58,28.735,23.602,19.04,18.705,19.724,20.1,,,,,,,,,,,,,,,,,,,,,,,,,,,,,,,,,,,,,,,,,,,,
X,Unemployment with basic education (% of total labor force with basic education),,,3.23,3.634,,,,,3.74,2.707,2.809,,,,,,,,,,,,,,,,,,,,,,,,,,,,,,,,,,,,,,,,,,,,,
X,"Unemployment with advanced education, male (% of male labor force with advanced education)",,,6.94,7.939,,,,,9.01,8.028,8.442,,,,,,,,,,,,,,,,,,,,,,,,,,,,,,,,,,,,,,,,,,,,,
X,"Unemployment, youth male (% of male labor force ages 15-24) (modeled ILO estimate)",,9.602,9.562,10.066,10.768,11.606,14.585,15.268,14.277,11.06,13.196,13.258,,,,,,,,,,,,,,,,,,,,,,,,,,,,,,,,,,,,,,,,,,,,
X,"Labor force, total",,61920877,62629015,66147765,67683856,69165404,70314500,72637932,74651451,74789575,73619393,74739682,,,,,,,,,,,,,,,,,,,,,,,,,,,,,,,,,,,,,,,,,,,,
X,"Part time employment, female (% of total female employment)",,,39.54,41.32,,,,,25.41,32.18,31.08,,,,,,,,,,,,,,,,,,,,,,,,,,,,,,,,,,,,,,,,,,,,,
X,"Labor force participation rate, total (% of total population ages 15+) (modeled ILO estimate)",,56.454,56.09,58.328,58.915,59.47,59.77,61.085,61.873,60.885,58.903,58.796,,,,,,,,,,,,,,,,,,,,,,,,,,,,,,,,,,,,,,,,,,,,
X,Ratio of female to male labor force participation rate (%) (modeled ILO estimate),,41.53165874,41.80123293,45.05263675,46.90107344,48.58554663,50.0583474,51.86273545,53.67942496,51.50110077,48.0295811,48.06850405,,,,,,,,,,,,,,,,,,,,,,,,,,,,,,,,,,,,,,,,,,,,
X,Labor force with basic education (% of total working-age population with basic education),,,57.53,58.412,,,,,61.964,59.891,57.839,,,,,,,,,,,,,,,,,,,,,,,,,,,,,,,,,,,,,,,,,,,,,
X,"Labor force with advanced education, male (% of male working-age population with advanced education)",,,88.69,89.683,,,,,89.309,89.458,88.713,,,,,,,,,,,,,,,,,,,,,,,,,,,,,,,,,,,,,,,,,,,,,
X,"Labor force participation rate, female (% of female population ages 15-64) (modeled ILO estimate)",,35.15,35.178,38.832,40.385,41.825,43.001,45.066,46.874,44.811,41.477,41.475,,,,,,,,,,,,,,,,,,,,,,,,,,,,,,,,,,,,,,,,,,,,
X,"Labor force participation rate for ages 15-24, male (%) (national estimate)",,,53.12,54.921,,,,,55.497,54.584,50.243,,,,,,,,,,,,,,,,,,,,,,,,,,,,,,,,,,,,,,,,,,,,,
X,"Children in employment, work only (% of children in employment, ages 7-14)",,,,,,,,,,,,,,,,,,,,,,,,,,,,,,,,,,,,,,,,,,,,,,,,,,,,,,,,
X,"Children in employment, work only, female (% of female children in employment, ages 7-14)",,,,,,,,,,,,,,,,,,,,,,,,,,,,,,,,,,,,,,,,,,,,,,,,,,,,,,,,
X,"Children in employment, study and work, male (% of male children in employment, ages 7-14)",,,,,,,,,,,,,,,,,,,,,,,,,,,,,,,,,,,,,,,,,,,,,,,,,,,,,,,,
X,"Children in employment, male (% of male children ages 7-14)",,,,,,,,,,,,,,,,,,,,,,,,,,,,,,,,,,,,,,,,,,,,,,,,,,,,,,,,
X,"Employment in services, female (% of female employment) (modeled ILO estimate)",,21.43949136,20.8115948,23.53297798,22.90175592,22.25378016,20.48028171,19.1986369,18.53213898,15.93463912,16.05584362,16.34252757,,,,,,,,,,,,,,,,,,,,,,,,,,,,,,,,,,,,,,,,,,,,
X,"Children in employment, self-employed (% of children in employment, ages 7-14)",,,,,,,,,,,,,,,,,,,,,,,,,,,,,,,,,,,,,,,,,,,,,,,,,,,,,,,,
X,"Child employment in manufacturing, male (% of male economically active children ages 7-14)",,,,,,,,,,,,,,,,,,,,,,,,,,,,,,,,,,,,,,,,,,,,,,,,,,,,,,,,
X,"Employment in industry, female (% of female employment) (modeled ILO estimate)",,18.43778679,16.10109441,16.95184526,15.56939305,14.47603925,12.99572956,11.48302562,10.56939641,9.096015083,8.995265582,8.986934142,,,,,,,,,,,,,,,,,,,,,,,,,,,,,,,,,,,,,,,,,,,,
X,"Contributing family workers, female (% of female employment) (modeled ILO estimate)",,37.58908675,33.56211451,28.7269979,25.22473719,21.89662707,19.3682476,16.73423385,14.00676876,12.44664539,11.86188323,10.96070178,,,,,,,,,,,,,,,,,,,,,,,,,,,,,,,,,,,,,,,,,,,,
X,"Wage and salaried workers, total (% of total employment) (modeled ILO estimate)",,38.85381329,39.09764071,39.34309724,39.36696247,39.40953822,38.53052588,38.34301768,38.36260595,38.12605278,38.57469869,38.95843841,,,,,,,,,,,,,,,,,,,,,,,,,,,,,,,,,,,,,,,,,,,,
X,"Vulnerable employment, male (% of male employment) (modeled ILO estimate)",,51.95334138,51.47044348,50.82030544,51.24249433,51.64374261,52.98746987,53.45759634,53.57346978,54.14736412,53.92651792,53.59499856,,,,,,,,,,,,,,,,,,,,,,,,,,,,,,,,,,,,,,,,,,,,
X,"Employment to population ratio, 15+, male (%) (modeled ILO estimate)",,78.226,77.676,78.73,78.278,77.893,76.471,77.117,77.786,78.53,77.583,77.323,,,,,,,,,,,,,,,,,,,,,,,,,,,,,,,,,,,,,,,,,,,,
X,Female share of employment in senior and middle management (%),,,,11.483,,,,,8.873,7.528,7.226,,,,,,,,,,,,,,,,,,,,,,,,,,,,,,,,,,,,,,,,,,,,,
X,"Employers, total (% of total employment) (modeled ILO estimate)",,3.243224726,3.866681274,4.476273593,4.340035543,4.20208148,4.069278918,3.943142258,3.797010578,3.696408827,3.687046482,3.693271633,,,,,,,,,,,,,,,,,,,,,,,,,,,,,,,,,,,,,,,,,,,,
X,"Employment to population ratio, ages 15-24, total (%) (national estimate)",,,38.04,35.3,,,,,46.576,47.213,43.563,,,,,,,,,,,,,,,,,,,,,,,,,,,,,,,,,,,,,,,,,,,,,
X,"Employment to population ratio, ages 15-24, female (%) (national estimate)",,,23.61,21.922,,,,,45.982,46.186,43.964,,,,,,,,,,,,,,,,,,,,,,,,,,,,,,,,,,,,,,,,,,,,,
X,Child employment in agriculture (% of economically active children ages 7-14),,,,,,,,,,,,,,,,,,,,,,,,,,,,,,,,,,,,,,,,,,,,,,,,,,,,,,,,
X,"Annualized average growth rate in per capita real survey mean consumption or income, total population (%)",,,1.54,,,,,,,,,,,,,,,,,,,,,,,,,,,,,,,,,,,,,,,,,,,,,,,,,,,,,
X,Average transaction cost of sending remittances from a specific country (%),,,,,,,,,,,,,,,,,,,,,,,,,,,,,,,,,,,,,,,,,,,,,,,,,,,,,,,,
X,Poverty headcount ratio at societal poverty line (% of population),,,31.2,,,,,,23.1,,,,,,,,,,,,,,,,,,,,,,,,,,,,,,,,,,,,,,,,,,,,,,,
X,Poverty gap at $4.20 a day (2021 PPP) (%),,,11.9,,,,,,4.3,,,,,,,,,,,,,,,,,,,,,,,,,,,,,,,,,,,,,,,,,,,,,,,
X,Poverty headcount ratio at $3.00 a day (2021 PPP) (% of population),,,19.5,,,,,,5.9,,,,,,,,,,,,,,,,,,,,,,,,,,,,,,,,,,,,,,,,,,,,,,,
X,Income share held by highest 10%,,,26.8,,,,,,25.5,,,,,,,,,,,,,,,,,,,,,,,,,,,,,,,,,,,,,,,,,,,,,,,
X,Income share held by second 20%,,,12.4,,,,,,12.8,,,,,,,,,,,,,,,,,,,,,,,,,,,,,,,,,,,,,,,,,,,,,,,
X,UHC service coverage sub-index on service capacity and access,,35,35,37,37,39,42,43,44,44,,,,,,,,,,,,,,,,,,,,,,,,,,,,,,,,,,,,,,,,,,,,,,
X,"Proportion of population facing impoverishing out-of-pocket health expenditure, based on the societal poverty line (%)",,,24.38,,,,,,27.57,,,,,,,,,,,,,,,,,,,,,,,,,,,,,,,,,,,,,,,,,,,,,,,
X,"Political Stability and Absence of Violence/Terrorism: Percentile Rank, Lower Bound of 90% Confidence Interval",,7.619047642,8.571428299,8.571428299,9.905660629,10.84905624,10.37735844,9.905660629,10.37735844,11.84834099,,,,,,,,,,,,,,,,,,,,,,,,,,,,,,,,,,,,,,,,,,,,,,
X,Coverage of social insurance programs in richest quintile (% of population),,,2.01463331,,,,,,3.755096619,,,,,,,,,,,,,,,,,,,,,,,,,,,,,,,,,,,,,,,,,,,,,,,
X,Coverage of social insurance programs in poorest quintile (% of population),,,0.453965597,,,,,,0.208854305,,,,,,,,,,,,,,,,,,,,,,,,,,,,,,,,,,,,,,,,,,,,,,,
X,Coverage of social safety net programs in richest quintile (% of population),,,23.68819584,,,,,,35.8237341,,,,,,,,,,,,,,,,,,,,,,,,,,,,,,,,,,,,,,,,,,,,,,,
X,Coverage of social safety net programs in poorest quintile (% of population),,,55.5582871,,,,,,69.33614849,,,,,,,,,,,,,,,,,,,,,,,,,,,,,,,,,,,,,,,,,,,,,,,
X,Coverage of unemployment benefits and ALMP in richest quintile (% of population),,,0.08339824,,,,,,0.463942369,,,,,,,,,,,,,,,,,,,,,,,,,,,,,,,,,,,,,,,,,,,,,,,
X,Coverage of unemployment benefits and ALMP in poorest quintile (% of population),,,0.183353553,,,,,,3.05134793,,,,,,,,,,,,,,,,,,,,,,,,,,,,,,,,,,,,,,,,,,,,,,,
X,Coverage of social protection and labor programs (% of population),,,41.35028775,,,,,,55.55636947,,,,,,,,,,,,,,,,,,,,,,,,,,,,,,,,,,,,,,,,,,,,,,,
X,Price level ratio of PPP conversion factor (GDP) to market exchange rate,,0.348202046,0.360173873,0.370925254,0.357957537,0.352200313,0.338652543,0.333668339,0.321456738,0.278867488,0.268837773,,,,,,,,,,,,,,,,,,,,,,,,,,,,,,,,,,,,,,,,,,,,,
X,Terms of trade adjustment (constant LCU),,-1.02E+11,0,141038.8174,369472.9048,580559.9155,-684468.9209,547672.1621,457231.2734,229907.0317,-44.16943359,,,,,,,,,,,,,,,,,,,,,,,,,,,,,,,,,,,,,,,,,,,,,
X,Taxes less subsidies on products (constant LCU),,8.35E+11,8.84E+11,9.51E+11,1.02E+12,1.07E+12,1.03E+12,1.08E+12,1.14E+12,1.07E+12,1.09E+12,,,,,,,,,,,,,,,,,,,,,,,,,,,,,,,,,,,,,,,,,,,,,
X,Net primary income (Net income from abroad) (current LCU),,9.84E+11,9.73E+11,8.02E+11,1.06E+12,1.21E+12,1.31E+12,1.86E+12,1.57E+12,1.79E+12,2.15E+12,,,,,,,,,,,,,,,,,,,,,,,,,,,,,,,,,,,,,,,,,,,,,
X,Gross savings (current LCU),,5.57E+12,7.74E+12,8.20E+12,9.36E+12,1.07E+13,1.18E+13,1.27E+13,1.35E+13,1.57E+13,1.72E+13,,,,,,,,,,,,,,,,,,,,,,,,,,,,,,,,,,,,,,,,,,,,,
X,GNI per capita (constant LCU),,,135131.459,141135.155,151020.428,161701.4432,165952.4349,177927.3464,186285.3215,194706.1472,201086.569,,,,,,,,,,,,,,,,,,,,,,,,,,,,,,,,,,,,,,,,,,,,,
X,"GNI per capita, Atlas method (current US$)",,1200,1400,1640,2020,2220,2320,2600,2850,2880,2820,,,,,,,,,,,,,,,,,,,,,,,,,,,,,,,,,,,,,,,,,,,,,
X,GNI growth (annual %),,6.270376796,7.223494291,5.340514103,7.865364776,8.015685031,3.479955963,8.097439923,5.785286436,5.799850591,4.563589003,,,,,,,,,,,,,,,,,,,,,,,,,,,,,,,,,,,,,,,,,,,,,
X,GNI (current US$),,2.08E+11,2.78E+11,3.04E+11,3.34E+11,3.66E+11,3.89E+11,4.38E+11,4.78E+11,4.55E+11,4.70E+11,,,,,,,,,,,,,,,,,,,,,,,,,,,,,,,,,,,,,,,,,,,,,
X,Gross domestic savings (current LCU),,3.36E+12,5.66E+12,6.29E+12,6.98E+12,7.93E+12,8.58E+12,8.95E+12,1.00E+13,1.16E+13,1.20E+13,,,,,,,,,,,,,,,,,,,,,,,,,,,,,,,,,,,,,,,,,,,,,
X,"GDP per capita, PPP (constant 2021 international $)",,5352.711333,5682.535535,6005.707188,6392.59334,6838.326116,7015.197928,7441.06914,7888.163891,8242.39799,8486.784957,,,,,,,,,,,,,,,,,,,,,,,,,,,,,,,,,,,,,,,,,,,,,
X,GDP per capita (constant 2015 US$),,1224.386477,1299.830914,1373.753637,1462.250503,1564.208024,1604.665923,1702.080284,1804.349346,1885.377336,1941.278744,,,,,,,,,,,,,,,,,,,,,,,,,,,,,,,,,,,,,,,,,,,,,
X,"GDP, PPP (constant 2021 international $)",,8.53E+11,9.14E+11,9.74E+11,1.05E+12,1.13E+12,1.17E+12,1.25E+12,1.34E+12,1.41E+12,1.47E+12,,,,,,,,,,,,,,,,,,,,,,,,,,,,,,,,,,,,,,,,,,,,,
X,GDP (constant 2015 US$),,1.95E+11,2.09E+11,2.23E+11,2.39E+11,2.58E+11,2.67E+11,2.85E+11,3.06E+11,3.23E+11,3.37E+11,,,,,,,,,,,,,,,,,,,,,,,,,,,,,,,,,,,,,,,,,,,,,
X,Mineral rents (% of GDP),,0,0,0,0,0,0,0,,,,,,,,,,,,,,,,,,,,,,,,,,,,,,,,,,,,,,,,,,,,,,,,
X,Gross value added at basic prices (GVA) (current LCU),,1.44E+13,1.99E+13,2.22E+13,2.52E+13,2.82E+13,3.06E+13,3.40E+13,3.82E+13,4.34E+13,4.84E+13,,,,,,,,,,,,,,,,,,,,,,,,,,,,,,,,,,,,,,,,,,,,,
X,GDP deflator: linked series (base year varies by country),,93.6962543,100,105.0475976,111.1461766,115.2120566,119.6374247,124.567892,130.8573521,139.882746,149.5106721,,,,,,,,,,,,,,,,,,,,,,,,,,,,,,,,,,,,,,,,,,,,,
X,Coal rents (% of GDP),,0.010582089,0.013234623,0.018118903,0.015515094,0.009070688,0.00725364,0.013252672,,,,,,,,,,,,,,,,,,,,,,,,,,,,,,,,,,,,,,,,,,,,,,,,
X,"Adjusted net savings, including particulate emission damage (% of GNI)",,25.83876416,27.17094077,25.37359274,25.37266897,33.20417135,33.85606576,32.18357061,,,,,,,,,,,,,,,,,,,,,,,,,,,,,,,,,,,,,,,,,,,,,,,,
X,Adjusted net national income per capita (current US$),,1194.180107,1580.77342,1712.10431,1869.935743,2186.771894,2305.858345,2567.444321,,,,,,,,,,,,,,,,,,,,,,,,,,,,,,,,,,,,,,,,,,,,,,,,
X,Adjusted savings: net national savings (% of GNI),,26.87521864,27.78960275,26.10467583,26.15815544,34.12971908,34.69596865,33.02223741,,,,,,,,,,,,,,,,,,,,,,,,,,,,,,,,,,,,,,,,,,,,,,,,
X,Adjusted savings: particulate emission damage (% of GNI),,0.901436455,0.852057274,0.792205275,0.735478137,0.685364493,0.663393274,0.61475906,,,,,,,,,,,,,,,,,,,,,,,,,,,,,,,,,,,,,,,,,,,,,,,,
X,Adjusted savings: mineral depletion (% of GNI),,0,0,0,0,0,0,0,,,,,,,,,,,,,,,,,,,,,,,,,,,,,,,,,,,,,,,,,,,,,,,,
X,Adjusted savings: net forest depletion (% of GNI),,0.196703062,0.172691441,0.132523511,0.067921183,0.068674636,0.076942585,0.071425035,,,,,,,,,,,,,,,,,,,,,,,,,,,,,,,,,,,,,,,,,,,,,,,,
X,Adjusted savings: education expenditure (% of GNI),,1.834852959,1.820864993,1.662468555,1.504072117,1.345675679,1.345675679,1.345675679,,,,,,,,,,,,,,,,,,,,,,,,,,,,,,,,,,,,,,,,,,,,,,,,
X,"Trained teachers in upper secondary education, female (% of female teachers)",,,70.83307419,,,,72.6899696,71.88173062,73.52937808,73.81472113,38.14381074,,,,,,,,,,,,,,,,,,,,,,,,,,,,,,,,,,,,,,,,,,,,,
X,"Trained teachers in lower secondary education, female (% of female teachers)",,,,,,,63.79986207,66.65967415,66.6602329,67.00006371,38.55965796,,,,,,,,,,,,,,,,,,,,,,,,,,,,,,,,,,,,,,,,,,,,,
X,"Progression to secondary school, female (%)",,,,,,,,,,,,,,,,,,,,,,,,,,,,,,,,,,,,,,,,,,,,,,,,,,,,,,,,
X,"School enrollment, secondary (% net)",,59.13634,65.21977,63.74088,66.54968,,,,,,,,,,,,,,,,,,,,,,,,,,,,,,,,,,,,,,,,,,,,,,,,,,,
X,"Secondary education, vocational pupils (% female)",,27.36015,27.59047,27.31256,27.64044,,,,,,,,,,,,,,,,,,,,,,,,,,,,,,,,,,,,,,,,,,,,,,,,,,,
X,"Pupil-teacher ratio, lower secondary",,,41.05007,36.68254,,,,,,,,,,,,,,,,,,,,,,,,,,,,,,,,,,,,,,,,,,,,,,,,,,,,
X,"Secondary education, pupils",,14566772,15787818,15314757,15869820,15710974,15954852,16022928,16070344,15661732,15067521,,,,,,,,,,,,,,,,,,,,,,,,,,,,,,,,,,,,,,,,,,,,,
X,"Educational attainment, at least completed upper secondary, population 25+, female (%) (cumulative)",,23.71999931,23.88999939,24.97999954,25.98999977,26.84000015,,29.37000084,,,,,,,,,,,,,,,,,,,,,,,,,,,,,,,,,,,,,,,,,,,,,,,,
X,"Educational attainment, at least completed lower secondary, population 25+, total (%) (cumulative)",,40.84000015,41.5,42.61999893,43.63999939,44.68000031,,48.65000153,,,,,,,,,,,,,,,,,,,,,,,,,,,,,,,,,,,,,,,,,,,,,,,,
X,"Lower secondary completion rate, male (% of relevant age group)",,,64.39096503,,,,,62.03371111,67.79032299,61.67050658,63.89626845,,,,,,,,,,,,,,,,,,,,,,,,,,,,,,,,,,,,,,,,,,,,,
X,"Children out of school, male (% of male primary school age)",,,,5.798994825,4.289017484,,,,,,,,,,,,,,,,,,,,,,,,,,,,,,,,,,,,,,,,,,,,,,,,,,,
X,"Children out of school, primary",,,,536211,543149,,,,1159988.452,1085125.812,918575.1,,,,,,,,,,,,,,,,,,,,,,,,,,,,,,,,,,,,,,,,,,,,,
X,"Primary education, teachers (% female)",,59.54911041,60.27041177,61.30006742,61.30004663,64.57986818,64.1969631,64.40802573,64.97495237,65.48075098,65.87283382,,,,,,,,,,,,,,,,,,,,,,,,,,,,,,,,,,,,,,,,,,,,,
X,"Trained teachers in primary education, female (% of female teachers)",,48.07300949,52.05642806,51.18185203,52.67849063,65.38617682,64.08052189,64.51233538,73.01141427,77.37725493,77.91882994,,,,,,,,,,,,,,,,,,,,,,,,,,,,,,,,,,,,,,,,,,,,,
X,"Persistence to last grade of primary, total (% of cohort)",,,,,,,,,,,,,,,,,,,,,,,,,,,,,,,,,,,,,,,,,,,,,,,,,,,,,,,,
X,"Persistence to grade 5, male (% of cohort)",,,,,,,,,,,,,,,,,,,,,,,,,,,,,,,,,,,,,,,,,,,,,,,,,,,,,,,,
X,"Over-age students, primary, male (% of male enrollment)",,,,,,,,,,,,,,,,,,,,,,,,,,,,,,,,,,,,,,,,,,,,,,,,,,,,,,,,
X,"Net intake rate in grade 1, female (% of official school-age population)",,,,,,,,,,,,,,,,,,,,,,,,,,,,,,,,,,,,,,,,,,,,,,,,,,,,,,,,
X,"Gross intake ratio in first grade of primary education, total (% of relevant age group)",,116.77142,103.9233,100.97673,105.53788,,,,,,,,,,,,,,,,,,,,,,,,,,,,,,,,,,,,,,,,,,,,,,,,,,,
X,"School enrollment, primary, female (% gross)",,,,107.8444046,111.0879891,,116.702652,109.4007879,115.3808212,109.4271568,113.0727463,,,,,,,,,,,,,,,,,,,,,,,,,,,,,,,,,,,,,,,,,,,,,
X,"Primary education, pupils",,,,17195385,17338100,,17603840,16964967,17162365,16252802,16686625,,,,,,,,,,,,,,,,,,,,,,,,,,,,,,,,,,,,,,,,,,,,,
X,"Educational attainment, at least completed primary, population 25+ years, female (%) (cumulative)",,50.29000092,51.65000153,53.11000061,54.47000122,57.31999969,58.93999863,57.06999969,52.03118896,,,,,,,,,,,,,,,,,,,,,,,,,,,,,,,,,,,,,,,,,,,,,,,
X,Primary school starting age (years),,6,6,6,6,6,6,6,6,6,6,,,,,,,,,,,,,,,,,,,,,,,,,,,,,,,,,,,,,,,,,,,,,
X,"School enrollment, preprimary, male (% gross)",,32.09244919,34.8910408,41.02867889,40.03688431,,44.4183197,35.41400909,,,,,,,,,,,,,,,,,,,,,,,,,,,,,,,,,,,,,,,,,,,,,,,,
X,"Preprimary education, duration (years)",,3,3,3,3,3,3,3,3,3,3,,,,,,,,,,,,,,,,,,,,,,,,,,,,,,,,,,,,,,,,,,,,,
X,Learning poverty: Share of Male Children at the End-of-Primary age below minimum reading proficiency adjusted by Out-of-School Children (%),,,,,,,,,54.16559982,,,,,,,,,,,,,,,,,,,,,,,,,,,,,,,,,,,,,,,,,,,,,,,
X,Learning poverty: Share of Female Children at the End-of-Primary age below minimum reading proficiency adjusted by Out-of-School Children (%),,,,,,,,,49.13880157,,,,,,,,,,,,,,,,,,,,,,,,,,,,,,,,,,,,,,,,,,,,,,,
X,"School enrollment, primary and secondary (gross), gender parity index (GPI)",,,,1.10079968,1.103870988,,1.145879984,1.135454297,,,,,,,,,,,,,,,,,,,,,,,,,,,,,,,,,,,,,,,,,,,,,,,,
X,"Literacy rate, adult male (% of males ages 15 and above)",,68.05999756,75.62000275,75.69999695,76.66999817,77.44000244,77.81999969,79.20999908,81.38999939,,,,,,,,,,,,,,,,,,,,,,,,,,,,,,,,,,,,,,,,,,,,,,,
X,"Literacy rate, youth (ages 15-24), gender parity index (GPI)",,1.039999962,1.029999971,1.029999971,1.029999971,1.019999981,1.029999971,1.019999981,1.019999981,,,,,,,,,,,,,,,,,,,,,,,,,,,,,,,,,,,,,,,,,,,,,,,
X,"Regulatory Quality: Percentile Rank, Lower Bound of 90% Confidence Interval",,9.523809433,10.95238113,10.47619057,9.523809433,9.047618866,10.47619057,10.95238113,9.433961868,10.84905624,,,,,,,,,,,,,,,,,,,,,,,,,,,,,,,,,,,,,,,,,,,,,,
X,Rule of Law: Standard Error,,0.15095301,0.16599603,0.155783445,0.149936885,0.15174669,0.148098797,0.157309324,0.162639529,0.161140501,,,,,,,,,,,,,,,,,,,,,,,,,,,,,,,,,,,,,,,,,,,,,,
X,Rule of Law: Number of Sources,,14,13,13,13,13,12,12,12,13,,,,,,,,,,,,,,,,,,,,,,,,,,,,,,,,,,,,,,,,,,,,,,
X,"Political Stability and Absence of Violence/Terrorism: Percentile Rank, Upper Bound of 90% Confidence Interval",,18.5714283,15.23809528,16.19047546,24.05660439,25.47169876,25.94339561,23.11320686,20.28301811,23.69668198,,,,,,,,,,,,,,,,,,,,,,,,,,,,,,,,,,,,,,,,,,,,,,
X,Political Stability and Absence of Violence/Terrorism: Estimate,,-1.209773779,-1.259732962,-1.253627181,-0.98556906,-0.928628743,-0.915816903,-1.036882758,-1.046462059,-0.908656716,,,,,,,,,,,,,,,,,,,,,,,,,,,,,,,,,,,,,,,,,,,,,,
X,Coverage of social insurance programs in 2nd quintile (% of population),,,0.59107454,,,,,,0.171481426,,,,,,,,,,,,,,,,,,,,,,,,,,,,,,,,,,,,,,,,,,,,,,,
X,Adequacy of social insurance programs (% of total welfare of beneficiary households),,,23.4407132,,,,,,22.95783116,,,,,,,,,,,,,,,,,,,,,,,,,,,,,,,,,,,,,,,,,,,,,,,
X,Coverage of social safety net programs in 2nd quintile (% of population),,,49.87238512,,,,,,62.48744386,,,,,,,,,,,,,,,,,,,,,,,,,,,,,,,,,,,,,,,,,,,,,,,
X,"Industry (including construction), value added per worker (constant 2015 US$)",,4318.88574,4746.116755,4876.051084,5350.854367,5922.820556,6371.059329,7046.307137,7599.520907,8272.383537,8594.22365,,,,,,,,,,,,,,,,,,,,,,,,,,,,,,,,,,,,,,,,,,,,,
X,"Agriculture, forestry, and fishing, value added (constant LCU)",,2.72E+12,2.80E+12,2.88E+12,2.99E+12,3.08E+12,3.19E+12,3.29E+12,3.39E+12,3.51E+12,3.62E+12,,,,,,,,,,,,,,,,,,,,,,,,,,,,,,,,,,,,,,,,,,,,,
X,"Agriculture, forestry, and fishing, value added (current US$)",,28848516252,35711930211,38059723938,40106319551,42061125594,44876362005,48424291474,51615737118,48131827349,50254940778,,,,,,,,,,,,,,,,,,,,,,,,,,,,,,,,,,,,,,,,,,,,,
X,External balance on goods and services (constant LCU),,,-7.25E+11,-9.65E+11,-1.70E+12,-1.38E+12,-1.43E+12,-1.81E+12,-2.43E+12,-1.50E+12,-1.96E+12,,,,,,,,,,,,,,,,,,,,,,,,,,,,,,,,,,,,,,,,,,,,,
X,Imports of goods and services (constant LCU),,3.89E+12,3.61E+12,3.80E+12,4.71E+12,4.73E+12,4.19E+12,4.84E+12,6.34E+12,5.72E+12,5.46E+12,,,,,,,,,,,,,,,,,,,,,,,,,,,,,,,,,,,,,,,,,,,,,
X,Imports of goods and services (current US$),,48297463644,46183400773,50463186692,63757868051,64919190426,59195931838,71021045805,96157127887,77972815573,73445483484,,,,,,,,,,,,,,,,,,,,,,,,,,,,,,,,,,,,,,,,,,,,,
X,Gross capital formation (constant 2015 US$),,56371394512,61393731835,66525986070,74597518248,79730036554,82876081504,89581402225,1.00E+11,1.02E+11,1.06E+11,,,,,,,,,,,,,,,,,,,,,,,,,,,,,,,,,,,,,,,,,,,,,
X,Changes in inventories (current LCU),,,,,,,,,,,,,,,,,,,,,,,,,,,,,,,,,,,,,,,,,,,,,,,,,,,,,,,,
X,Gross fixed capital formation (annual % growth),,7.118800733,8.909372151,8.359573659,12.13290122,6.880280237,3.945871702,8.090779149,11.65337252,2.210955596,3.266282535,,,,,,,,,,,,,,,,,,,,,,,,,,,,,,,,,,,,,,,,,,,,,
X,"Gross fixed capital formation, private sector (% of GDP)",,22.06568759,23.70413809,23.66048257,24.94401341,25.24972568,24.01558899,23.70079889,24.51511895,24.18433275,23.95649626,,,,,,,,,,,,,,,,,,,,,,,,,,,,,,,,,,,,,,,,,,,,,
X,Exports of goods and services (annual % growth),,-2.829990167,2.196749645,-1.843280816,6.105919706,11.45647339,-17.50239229,9.191456118,29.3925551,8.032613221,-17.13266247,,,,,,,,,,,,,,,,,,,,,,,,,,,,,,,,,,,,,,,,,,,,,
X,Gross national expenditure (% of GDP),,106.7282191,102.9695045,103.8811221,105.3713935,105.3293515,104.2303389,105.6769209,106.8228814,105.191686,106.7433106,,,,,,,,,,,,,,,,,,,,,,,,,,,,,,,,,,,,,,,,,,,,,
X,Gross national expenditure (current US$),,2.08E+11,2.73E+11,3.05E+11,3.39E+11,3.70E+11,3.90E+11,4.40E+11,4.92E+11,4.60E+11,4.80E+11,,,,,,,,,,,,,,,,,,,,,,,,,,,,,,,,,,,,,,,,,,,,,
X,Final consumption expenditure (annual % growth),,6.028724763,3.399133113,6.344413237,9.077002553,5.525802955,2.908652132,7.920388289,7.374349234,2.521149415,6.318996231,,,,,,,,,,,,,,,,,,,,,,,,,,,,,,,,,,,,,,,,,,,,,
X,Households and NPISHs final consumption expenditure (% of GDP),,72.43728948,66.86444222,66.91191681,67.58965176,66.87742901,66.95119026,68.77543351,69.07660628,68.57531629,70.13474613,,,,,,,,,,,,,,,,,,,,,,,,,,,,,,,,,,,,,,,,,,,,,
X,Households and NPISHs Final consumption expenditure per capita (constant 2015 US$),,886.9123765,905.4232949,954.0328821,1035.30374,1076.422453,1099.447326,1177.934007,1253.101794,1262.457215,1321.939785,,,,,,,,,,,,,,,,,,,,,,,,,,,,,,,,,,,,,,,,,,,,,
X,Households and NPISHs final consumption expenditure: linked series (current LCU),,1.32E+13,1.39E+13,1.56E+13,1.78E+13,1.97E+13,2.12E+13,2.43E+13,2.74E+13,3.08E+13,3.51E+13,,,,,,,,,,,,,,,,,,,,,,,,,,,,,,,,,,,,,,,,,,,,,
X,General government final consumption expenditure (constant LCU),,1.12E+12,1.22E+12,1.31E+12,1.37E+12,1.56E+12,1.59E+12,1.70E+12,1.80E+12,1.96E+12,2.15E+12,,,,,,,,,,,,,,,,,,,,,,,,,,,,,,,,,,,,,,,,,,,,,
X,General government final consumption expenditure (current US$),,10546191845,15556209049,17689543597,19150542872,21910495866,22331087733,24488214905,26222902918,24780320591,26593391130,,,,,,,,,,,,,,,,,,,,,,,,,,,,,,,,,,,,,,,,,,,,,
X,Military expenditure (current LCU),,2.19E+11,2.54E+11,2.62E+11,3.05E+11,3.67E+11,3.95E+11,4.13E+11,3.94E+11,4.08E+11,4.66E+11,,,,,,,,,,,,,,,,,,,,,,,,,,,,,,,,,,,,,,,,,,,,,
X,Arms imports (SIPRI trend indicator values),,640000000,451000000,334000000,161000000,716000000,70000000,55000000,323000000,69000000,75000000,,,,,,,,,,,,,,,,,,,,,,,,,,,,,,,,,,,,,,,,,,,,,
X,Logistics performance index: Competence and quality of logistics services (1=low to 5=high),,,2.673939,,2.48,,,,2.7,,,,,,,,,,,,,,,,,,,,,,,,,,,,,,,,,,,,,,,,,,,,,,,
X,"Lead time to import, median case (days)",,,5,,,,,,,,,,,,,,,,,,,,,,,,,,,,,,,,,,,,,,,,,,,,,,,,,,,,,
X,"Individuals using the Internet, female (% of female population)",,,,,,,,32.6864,,37.3212,,,,,,,,,,,,,,,,,,,,,,,,,,,,,,,,,,,,,,,,,,,,,,
X,Fixed broadband subscriptions,,4892940,6592400,7300500,8052890,8085500,10052800,11136700,12145200,13533000,,,,,,,,,,,,,,,,,,,,,,,,,,,,,,,,,,,,,,,,,,,,,,
X,Mobile cellular subscriptions,,131376000,135982000,150945000,161772000,165572000,176279000,184445000,186097000,196081000,,,,,,,,,,,,,,,,,,,,,,,,,,,,,,,,,,,,,,,,,,,,,,
X,"Railways, passengers carried (million passenger-km)",,8711,10040,,,,,,,,,,,,,,,,,,,,,,,,,,,,,,,,,,,,,,,,,,,,,,,,,,,,,
X,"Air transport, registered carrier departures worldwide",,55864,59728,70503,53061,68351,42827.89,50991,54017,72684,,,,,,,,,,,,,,,,,,,,,,,,,,,,,,,,,,,,,,,,,,,,,,
X,Statistical performance indicators (SPI): Pillar 2 data services score (scale 0-100),,,43.03333333,61.9,61.6,61.6,60.8,60.8,61.66666667,61.66666667,63.46666667,,,,,,,,,,,,,,,,,,,,,,,,,,,,,,,,,,,,,,,,,,,,,
X,CPIA trade rating (1=low to 6=high),,3.5,3.5,3.5,3.5,3,3,3,3,3,3,,,,,,,,,,,,,,,,,,,,,,,,,,,,,,,,,,,,,,,,,,,,,
X,CPIA public sector management and institutions cluster average (1=low to 6=high),,2.9,2.8,2.7,2.7,2.6,2.5,2.5,2.5,2.7,2.6,,,,,,,,,,,,,,,,,,,,,,,,,,,,,,,,,,,,,,,,,,,,,
X,CPIA quality of public administration rating (1=low to 6=high),,3,3,2.5,2.5,2.5,2,2,2,2.5,2.5,,,,,,,,,,,,,,,,,,,,,,,,,,,,,,,,,,,,,,,,,,,,,
X,Grants and other revenue (current LCU),,2.28E+11,2.72E+11,2.63E+11,2.73E+11,3.76E+11,5.45E+11,6.93E+11,,,,,,,,,,,,,,,,,,,,,,,,,,,,,,,,,,,,,,,,,,,,,,,,
X,Net investment in nonfinancial assets (current LCU),,3.54E+11,4.12E+11,7.97E+11,1.27E+12,1.35E+12,1.43E+12,1.45E+12,,,,,,,,,,,,,,,,,,,,,,,,,,,,,,,,,,,,,,,,,,,,,,,,
X,"Central government debt, total (current LCU)",,,,,,,,,,,,,,,,,,,,,,,,,,,,,,,,,,,,,,,,,,,,,,,,,,,,,,,,
X,Account ownership at a financial institution or with a mobile-money-service provider (% of population ages 15+),,,,50.046913,,,,52.80606492,,,43.28397334,,,,,,,,,,,,,,,,,,,,,,,,,,,,,,,,,,,,,,,,,,,,,
X,"Account ownership at a financial institution or with a mobile-money-service provider, older adults (% of population ages 25+)",,,,53.52637177,,,,54.54905347,,,44.94739094,,,,,,,,,,,,,,,,,,,,,,,,,,,,,,,,,,,,,,,,,,,,,
X,"Account ownership at a financial institution or with a mobile-money-service provider, poorest 40% (% of population ages 15+)",,,,40.07873273,,,,48.65117195,,,35.54670733,,,,,,,,,,,,,,,,,,,,,,,,,,,,,,,,,,,,,,,,,,,,,
X,"Claims on central government, etc. (% GDP)",,14.12684227,12.12274025,12.43651442,13.09845027,14.79174915,15.68051406,16.16628399,16.14247936,15.29472749,14.75257822,,,,,,,,,,,,,,,,,,,,,,,,,,,,,,,,,,,,,,,,,,,,,
X,Lending interest rate (%),,11.70916667,10.40916667,9.54,9.650833333,9.555833333,8.295,7.324166667,7.121093427,7.57,9.8525,,,,,,,,,,,,,,,,,,,,,,,,,,,,,,,,,,,,,,,,,,,,,
X,Consumer price index (2010 = 100),,144.5588509,152.5291403,161.2264589,170.1642434,179.6798217,189.9055347,200.4370392,215.8645866,237.1995696,262.0242795,,,,,,,,,,,,,,,,,,,,,,,,,,,,,,,,,,,,,,,,,,,,,
X,Broad money (current LCU),,9.78E+12,1.14E+13,1.30E+13,1.45E+13,1.62E+13,1.83E+13,2.00E+13,2.15E+13,2.30E+13,2.44E+13,,,,,,,,,,,,,,,,,,,,,,,,,,,,,,,,,,,,,,,,,,,,,
X,Net domestic credit (current LCU),,9.12E+12,1.06E+13,1.26E+13,1.44E+13,1.64E+13,1.79E+13,2.00E+13,2.25E+13,2.45E+13,2.60E+13,,,,,,,,,,,,,,,,,,,,,,,,,,,,,,,,,,,,,,,,,,,,,
X,Total reserves in months of imports,,6.83091399,7.603877021,6.768864991,5.676269096,5.859334505,8.658137246,6.290239857,4.181372761,3.384646659,3.154092974,,,,,,,,,,,,,,,,,,,,,,,,,,,,,,,,,,,,,,,,,,,,,
X,Domestic credit to private sector by banks (% of GDP),,44.20416172,37.64434228,40.30273623,39.88122223,38.89632766,39.02627794,38.95907659,38.83977466,37.53178608,35.70610334,,,,,,,,,,,,,,,,,,,,,,,,,,,,,,,,,,,,,,,,,,,,,
X,Bank capital to assets ratio (%),,5.724726566,5.710724828,5.246190924,4.74201086,5.168285407,4.774469259,4.762160053,6.704795018,6.54705835,,,,,,,,,,,,,,,,,,,,,,,,,,,,,,,,,,,,,,,,,,,,,,
X,Marine protected areas (% of territorial waters),,5.4,5.4,5.4,5.4,5.4,5.4,5.4,5.4,8,8,,,,,,,,,,,,,,,,,,,,,,,,,,,,,,,,,,,,,,,,,,,,,
X,"Annual freshwater withdrawals, total (% of internal resources)",,34.16190476,34.16190476,34.16190476,34.16190476,34.16190476,34.16190476,34.16190476,34.16190476,,,,,,,,,,,,,,,,,,,,,,,,,,,,,,,,,,,,,,,,,,,,,,,
X,"Annual freshwater withdrawals, domestic (% of total freshwater withdrawal)",,10.03624198,10.03624198,10.03624198,10.03624198,10.03624198,10.03624198,10.03624198,10.03624198,,,,,,,,,,,,,,,,,,,,,,,,,,,,,,,,,,,,,,,,,,,,,,,
X,Capture fisheries production (metric tons),,1624237,1675370,1801084,1871225,1896096,1919505,1982483,2027660.999,2062668,,,,,,,,,,,,,,,,,,,,,,,,,,,,,,,,,,,,,,,,,,,,,,
X,Population in the largest city (% of urban population),,37.37637956,37.95386502,38.57352601,39.23274166,39.90399066,40.59356121,41.29866585,41.89729334,42.09208868,42.20170423,42.215546,,,,,,,,,,,,,,,,,,,,,,,,,,,,,,,,,,,,,,,,,,,,
X,Urban population living in areas where elevation is below 5 meters (% of total population),,6.064835929,,,,,,,,,,,,,,,,,,,,,,,,,,,,,,,,,,,,,,,,,,,,,,,,,,,,,,
X,"Plant species (higher), threatened",,,,,23,,,,35,,,,,,,,,,,,,,,,,,,,,,,,,,,,,,,,,,,,,,,,,,,,,,,
X,Nitrous oxide (N2O) emissions from Transport (Energy) (Mt CO2e),,0.6777,0.7262,0.7608,0.7692,0.7558,0.6615,0.6814,0.7136,0.662,0.6849,,,,,,,,,,,,,,,,,,,,,,,,,,,,,,,,,,,,,,,,,,,,,
X,Nitrous oxide (N2O) emissions from Industrial Combustion (Energy) (Mt CO2e),,0.0251,0.0315,0.0405,0.0349,0.0415,0.0414,0.0416,0.0332,0.0439,0.0474,,,,,,,,,,,,,,,,,,,,,,,,,,,,,,,,,,,,,,,,,,,,,
X,F-gases emissions from Industrial Processes (Mt CO2e),,1.2224,1.3946,1.5644,1.7723,1.9557,2.1427,2.3354,2.5231,2.7123,2.9007,,,,,,,,,,,,,,,,,,,,,,,,,,,,,,,,,,,,,,,,,,,,,
X,Carbon intensity of GDP (kg CO2e per 2021 PPP $ of GDP),,0.100154707,0.102856306,0.103734179,0.100620499,0.096940112,0.089252263,0.094398822,0.090459142,0.084192436,0.08431218,,,,,,,,,,,,,,,,,,,,,,,,,,,,,,,,,,,,,,,,,,,,,
X,Carbon dioxide (CO2) emissions (total) excluding LULUCF (Mt CO2e),,85.4452,93.9921,101.0415,105.1823,109.3222,104.1229,117.7683,120.8657,118.9891,124.1907,,,,,,,,,,,,,,,,,,,,,,,,,,,,,,,,,,,,,,,,,,,,,
X,Carbon dioxide (CO2) net fluxes from LULUCF - Forest Land (Mt CO2e),,-0.4456,-0.4456,-0.4456,-0.4456,-0.4456,-0.4456,-0.4456,-0.4456,-0.4456,,,,,,,,,,,,,,,,,,,,,,,,,,,,,,,,,,,,,,,,,,,,,,
X,Carbon dioxide (CO2) emissions from Fugitive Emissions (Energy) (Mt CO2e),,1.3214,1.2861,1.3008,1.289,1.3148,1.2825,1.3565,1.3254,1.3266,1.321,,,,,,,,,,,,,,,,,,,,,,,,,,,,,,,,,,,,,,,,,,,,,
X,Methane (CH4) emissions from Waste (Mt CO2e),,11.3277,11.6316,11.9535,12.2689,12.8263,14.5389,15.1452,15.8169,16.3968,17.0298,,,,,,,,,,,,,,,,,,,,,,,,,,,,,,,,,,,,,,,,,,,,,
X,Methane (CH4) emissions from Industrial Processes (Mt CO2e),,0,0,0,0,0,0,0,0,0,0,,,,,,,,,,,,,,,,,,,,,,,,,,,,,,,,,,,,,,,,,,,,,
X,Methane (CH4) emissions from Agriculture (Mt CO2e),,50.8555,50.4119,51.5698,51.6336,51.8718,52.0419,52.7777,53.0532,48.5841,47.4059,,,,,,,,,,,,,,,,,,,,,,,,,,,,,,,,,,,,,,,,,,,,,
X,"Fish species, threatened",,,,,29,,,,75,,,,,,,,,,,,,,,,,,,,,,,,,,,,,,,,,,,,,,,,,,,,,,,
X,"PM2.5 air pollution, population exposed to levels exceeding WHO guideline value (% of total)",,100,100,100,,,,,,,,,,,,,,,,,,,,,,,,,,,,,,,,,,,,,,,,,,,,,,,,,,,,
X,"PM2.5 air pollution, mean annual exposure (micrograms per cubic meter)",,64.10842952,63.67841413,58.34397664,59.51357785,50.36452654,42.38137624,,,,,,,,,,,,,,,,,,,,,,,,,,,,,,,,,,,,,,,,,,,,,,,,,
X,"Energy use (kg of oil equivalent) per $1,000 GDP (constant 2021 PPP)",,44.40986049,45.0368585,43.43872886,40.33947973,39.9717736,38.78387679,39.30714983,37.66635182,,,,,,,,,,,,,,,,,,,,,,,,,,,,,,,,,,,,,,,,,,,,,,,
X,GDP per unit of energy use (constant 2021 PPP $ per kg of oil equivalent),,22.51752176,22.20403539,23.02093147,24.78961074,25.01765396,25.7839103,25.44066422,26.54889448,,,,,,,,,,,,,,,,,,,,,,,,,,,,,,,,,,,,,,,,,,,,,,,
X,"Electricity production from renewable sources, excluding hydroelectric (kWh)",,479730000,236360000,316850000,167710000,436050000,381910000,742190000,,,,,,,,,,,,,,,,,,,,,,,,,,,,,,,,,,,,,,,,,,,,,,,,
X,Electricity production from natural gas sources (% of total),,80.56814544,80.3859873,78.59775085,75.37518949,80.36134098,82.86165176,73.01469435,67.62613827,,,,,,,,,,,,,,,,,,,,,,,,,,,,,,,,,,,,,,,,,,,,,,,
X,Electricity production from coal sources (% of total),,1.679836902,1.302090885,1.455010267,2.266296109,1.532819259,3.677596587,5.539925744,5.533083206,,,,,,,,,,,,,,,,,,,,,,,,,,,,,,,,,,,,,,,,,,,,,,,
X,"Net official flows from UN agencies, ILO (current US$)",,1763249.993,1284629.941,1265179.992,1985604.048,3543169.975,1999832.988,2176700.115,1452466.965,1932242.036,,,,,,,,,,,,,,,,,,,,,,,,,,,,,,,,,,,,,,,,,,,,,,
X,"Net flows on external debt, private nonguaranteed (PNG) (NFL, current US$)",,237298000,-253068000,302464000,1842420000,-317864000,724451000,1989789000,277529000,1260591000,139918000,,,,,,,,,,,,,,,,,,,,,,,,,,,,,,,,,,,,,,,,,,,,,
X,Present value of external debt (% of GNI),,,,,,,,,,,12.27972756,,,,,,,,,,,,,,,,,,,,,,,,,,,,,,,,,,,,,,,,,,,,,
X,"PPG, IDA (DOD, current US$)",,11533583000,11890490000,13620791000,14501231000,15788308000,17571890000,17831710000,18225852000,19772007000,20730695000,,,,,,,,,,,,,,,,,,,,,,,,,,,,,,,,,,,,,,,,,,,,,
X,Short-term debt (% of total reserves),,24.11814715,24.26792895,32.2000075,28.19187531,29.78056096,25.44826126,39.18117053,54.90846278,65.10200971,60.50639212,,,,,,,,,,,,,,,,,,,,,,,,,,,,,,,,,,,,,,,,,,,,,
X,"External debt stocks, long-term (DOD, current US$)",,30527365483,32188161693,38678088723,46559715242,51317230489,60455488716,70088387624,75433676287,83207548879,86874607615,,,,,,,,,,,,,,,,,,,,,,,,,,,,,,,,,,,,,,,,,,,,,
X,"Net ODA provided, total (constant 2023 US$)",,,,,,,,,,,,,,,,,,,,,,,,,,,,,,,,,,,,,,,,,,,,,,,,,,,,,,,,
X,"Net ODA provided, to the least developed countries (current US$)",,,,,,,,,,,,,,,,,,,,,,,,,,,,,,,,,,,,,,,,,,,,,,,,,,,,,,,,
X,"Net bilateral aid flows from DAC donors, Slovenia (current US$)",,,6316.999905,33817.99906,2364.000073,,,,,54065.99864,,,,,,,,,,,,,,,,,,,,,,,,,,,,,,,,,,,,,,,,,,,,,,
X,"Net bilateral aid flows from DAC donors, New Zealand (current US$)",,360000.0143,209999.9934,159999.9964,121278.0029,48916.00087,98245.00233,66431.99921,739311.9931,13806642.53,,,,,,,,,,,,,,,,,,,,,,,,,,,,,,,,,,,,,,,,,,,,,,
X,"Net bilateral aid flows from DAC donors, Lithuania (current US$)",,,,2614.999888,491.0000134,63225.0011,11485.00014,18680.00068,18823.99991,608.9999806,,,,,,,,,,,,,,,,,,,,,,,,,,,,,,,,,,,,,,,,,,,,,,
X,"Net bilateral aid flows from DAC donors, Iceland (current US$)",,,,,52678.00018,86442.00116,,1670.000027,,,,,,,,,,,,,,,,,,,,,,,,,,,,,,,,,,,,,,,,,,,,,,,,
X,"Net bilateral aid flows from DAC donors, United Kingdom (current US$)",,250109390.3,200458877.6,226410110.5,253307312,327075470,260818176.3,119938896.2,67397270.2,71963050.84,,,,,,,,,,,,,,,,,,,,,,,,,,,,,,,,,,,,,,,,,,,,,,
X,"Net bilateral aid flows from DAC donors, Spain (current US$)",,-438297.0035,-275207.9964,-110780.9991,753497.0045,1208585.978,519855.9761,1077373.028,11147233.96,883817.9708,,,,,,,,,,,,,,,,,,,,,,,,,,,,,,,,,,,,,,,,,,,,,,
X,Consumption of iodized salt (% of households),,68.3,,,,76,,,,,,,,,,,,,,,,,,,,,,,,,,,,,,,,,,,,,,,,,,,,,,,,,,
X,"International migrant stock, total",,1422179,,,,,2115408,,,,2906338,,,,,,,,,,,,,,,,,,,,,,,,,,,,,,,,,,,,,,,,,,,,,
X,Refugees under the mandate of the UNHCR by country or territory of asylum,,231954,276203,932209,906640,854779,866534,918907,952384,971984,1005602,,,,,,,,,,,,,,,,,,,,,,,,,,,,,,,,,,,,,,,,,,,,,
X,Internally displaced people (IDP) by country or territory of asylum / origin,,426000,426000,432000,426000,426000,426000,426000,426000,426000,585000,,,,,,,,,,,,,,,,,,,,,,,,,,,,,,,,,,,,,,,,,,,,,
X,"Children in employment, wage workers (% of children in employment, ages 7-14)",,,,,,,,,,,,,,,,,,,,,,,,,,,,,,,,,,,,,,,,,,,,,,,,,,,,,,,,
X,"Unemployment, total (% of total labor force) (national estimate)",,,4.35,4.372,,,,,4.593,3.352,3.635,,,,,,,,,,,,,,,,,,,,,,,,,,,,,,,,,,,,,,,,,,,,,
X,"Unemployment, female (% of female labor force) (national estimate)",,,7.29,6.681,,,,,4.894,3.236,3.443,,,,,,,,,,,,,,,,,,,,,,,,,,,,,,,,,,,,,,,,,,,,,
X,"Share of youth not in education, employment or training, male (% of male youth population)  (modeled ILO estimate)",,11.539,10.134,9.86,9.874,9.758,10.764,10.705,10.422,9.591,10.88,10.949,,,,,,,,,,,,,,,,,,,,,,,,,,,,,,,,,,,,,,,,,,,,
X,"Unemployment with intermediate education, male (% of male labor force with intermediate education)",,,7.63,7.649,,,,,7.704,5.108,5.841,,,,,,,,,,,,,,,,,,,,,,,,,,,,,,,,,,,,,,,,,,,,,
X,"Unemployment with basic education, female (% of female labor force with basic education)",,,5.9,5.879,,,,,3.424,2.235,2.312,,,,,,,,,,,,,,,,,,,,,,,,,,,,,,,,,,,,,,,,,,,,,
X,"Unemployment, youth total (% of total labor force ages 15-24) (modeled ILO estimate)",,10.561,10.956,12.101,11.907,11.742,13.473,12.72,10.985,7.905,9.097,9.385,,,,,,,,,,,,,,,,,,,,,,,,,,,,,,,,,,,,,,,,,,,,
X,"Unemployment, youth female (% of female labor force ages 15-24) (modeled ILO estimate)",,12.391,14.094,16.225,13.803,11.935,12.11,9.979,7.732,4.671,4.933,5.333,,,,,,,,,,,,,,,,,,,,,,,,,,,,,,,,,,,,,,,,,,,,
X,"Part time employment, total (% of total employment)",,,18.69,20.44,,,,,17.48,18.08,16.52,,,,,,,,,,,,,,,,,,,,,,,,,,,,,,,,,,,,,,,,,,,,,
X,"Labor force with intermediate education, male (% of male working-age population with intermediate education)",,,69.39,65.196,,,,,80.576,82.053,80.098,,,,,,,,,,,,,,,,,,,,,,,,,,,,,,,,,,,,,,,,,,,,,
X,"Labor force participation rate, male (% of male population ages 15+) (modeled ILO estimate)",,80.736,80.134,81.407,81.141,80.95,80.552,81.332,81.385,81.307,80.592,80.404,,,,,,,,,,,,,,,,,,,,,,,,,,,,,,,,,,,,,,,,,,,,
X,"Labor force participation rate, female (% of female population ages 15+) (modeled ILO estimate)",,33.531,33.497,36.676,38.056,39.33,40.323,42.181,43.687,41.874,38.708,38.649,,,,,,,,,,,,,,,,,,,,,,,,,,,,,,,,,,,,,,,,,,,,
X,"Labor force with basic education, female (% of female working-age population with basic education)",,,34.86,36.394,,,,,47.249,43.224,39.784,,,,,,,,,,,,,,,,,,,,,,,,,,,,,,,,,,,,,,,,,,,,,
X,"Labor force participation rate, total (% of total population ages 15-64) (modeled ILO estimate)",,58.166,57.794,60.504,61.156,61.768,62.144,63.568,64.576,63.45,61.347,61.294,,,,,,,,,,,,,,,,,,,,,,,,,,,,,,,,,,,,,,,,,,,,
X,"Labor force participation rate for ages 15-24, total (%) (national estimate)",,,38.04,40.465,,,,,52.609,51.452,48.208,,,,,,,,,,,,,,,,,,,,,,,,,,,,,,,,,,,,,,,,,,,,,
X,"Labor force participation rate for ages 15-24, female (%) (national estimate)",,,23.61,26.347,,,,,49.923,48.474,46.289,,,,,,,,,,,,,,,,,,,,,,,,,,,,,,,,,,,,,,,,,,,,,
X,"Children in employment, work only, male (% of male children in employment, ages 7-14)",,,,,,,,,,,,,,,,,,,,,,,,,,,,,,,,,,,,,,,,,,,,,,,,,,,,,,,,
X,"Children in employment, study and work (% of children in employment, ages 7-14)",,,,,,,,,,,,,,,,,,,,,,,,,,,,,,,,,,,,,,,,,,,,,,,,,,,,,,,,
X,"Children in employment, study and work, female (% of female children in employment, ages 7-14)",,,,,,,,,,,,,,,,,,,,,,,,,,,,,,,,,,,,,,,,,,,,,,,,,,,,,,,,
X,Employment in services (% of total employment) (modeled ILO estimate),,35.97805924,36.87571903,38.98337142,39.18093979,39.35507384,38.48223514,38.23852722,38.36246933,37.00780317,37.37156577,37.70627794,,,,,,,,,,,,,,,,,,,,,,,,,,,,,,,,,,,,,,,,,,,,
X,"Child employment in services, male (% of male economically active children ages 7-14)",,,,,,,,,,,,,,,,,,,,,,,,,,,,,,,,,,,,,,,,,,,,,,,,,,,,,,,,
X,"Children in employment, self-employed, female (% of female children in employment, ages 7-14)",,,,,,,,,,,,,,,,,,,,,,,,,,,,,,,,,,,,,,,,,,,,,,,,,,,,,,,,
X,Employment in industry (% of total employment) (modeled ILO estimate),,20.47960856,20.45952454,20.41932417,20.05326078,19.80480293,18.97008695,18.29576573,17.96882096,17.62586715,17.89240018,18.03358721,,,,,,,,,,,,,,,,,,,,,,,,,,,,,,,,,,,,,,,,,,,,
X,"Contributing family workers, total (% of total employment) (modeled ILO estimate)",,14.75250685,13.31476872,11.89074169,10.84662487,9.770100002,9.151954413,8.327208719,7.277729037,6.425563939,5.982524217,5.520418563,,,,,,,,,,,,,,,,,,,,,,,,,,,,,,,,,,,,,,,,,,,,
X,"Children in employment, unpaid family workers, male (% of male children in employment, ages 7-14)",,,,,,,,,,,,,,,,,,,,,,,,,,,,,,,,,,,,,,,,,,,,,,,,,,,,,,,,
X,"Wage and salaried workers, female (% of female employment) (modeled ILO estimate)",,27.14092223,29.15890282,31.59783121,32.63240982,33.56486243,33.44775071,33.78798212,33.95144132,33.8691371,34.22252119,34.7044602,,,,,,,,,,,,,,,,,,,,,,,,,,,,,,,,,,,,,,,,,,,,
X,"Employment to population ratio, 15+, total (%) (modeled ILO estimate)",,53.972,53.65,55.778,56.3,56.791,56.459,57.751,59.031,58.845,56.762,56.574,,,,,,,,,,,,,,,,,,,,,,,,,,,,,,,,,,,,,,,,,,,,
X,"Employment to population ratio, 15+, female (%) (modeled ILO estimate)",,31.076,31.073,34.245,35.674,37.006,37.733,39.671,41.552,40.518,37.374,37.23,,,,,,,,,,,,,,,,,,,,,,,,,,,,,,,,,,,,,,,,,,,,
X,"Self-employed, male (% of male employment) (modeled ILO estimate)",,56.2171679,56.67128049,57.06586748,57.36276023,57.62886936,58.78925367,59.14714596,59.10898293,59.51467934,59.17372275,58.84465562,,,,,,,,,,,,,,,,,,,,,,,,,,,,,,,,,,,,,,,,,,,,
X,"Employers, female (% of female employment) (modeled ILO estimate)",,0.817955508,0.732767281,0.660219298,0.673983348,0.683260463,0.783757704,0.773624899,0.763941178,0.681517534,0.671342406,0.679553156,,,,,,,,,,,,,,,,,,,,,,,,,,,,,,,,,,,,,,,,,,,,
X,"Employment to population ratio, ages 15-24, male (%) (national estimate)",,,53.12,49,,,,,47.214,48.298,43.146,,,,,,,,,,,,,,,,,,,,,,,,,,,,,,,,,,,,,,,,,,,,,
X,"Employment in agriculture, male (% of male employment) (modeled ILO estimate)",,36.56498559,33.9705501,31.8261668,30.68331685,29.47446198,29.9046265,29.22087022,28.06106242,28.95980344,29.10557353,28.5551303,,,,,,,,,,,,,,,,,,,,,,,,,,,,,,,,,,,,,,,,,,,,
X,"Child employment in agriculture, female (% of female economically active children ages 7-14)",,,,,,,,,,,,,,,,,,,,,,,,,,,,,,,,,,,,,,,,,,,,,,,,,,,,,,,,
X,"Annualized average growth rate in per capita real survey mean consumption or income, bottom 40% of population (%)",,,1.35,,,,,,,,,,,,,,,,,,,,,,,,,,,,,,,,,,,,,,,,,,,,,,,,,,,,,
X,Poverty gap at $8.30 a day (2021 PPP) (%),,,40.8,,,,,,26.4,,,,,,,,,,,,,,,,,,,,,,,,,,,,,,,,,,,,,,,,,,,,,,,
X,Multidimensional poverty headcount ratio (World Bank) (% of population),,,25.6,,,,,,7.4,,,,,,,,,,,,,,,,,,,,,,,,,,,,,,,,,,,,,,,,,,,,,,,
X,Gini index,,,32.4,,,,,,30.9,,,,,,,,,,,,,,,,,,,,,,,,,,,,,,,,,,,,,,,,,,,,,,,
X,Income share held by lowest 10%,,,3.7,,,,,,3.7,,,,,,,,,,,,,,,,,,,,,,,,,,,,,,,,,,,,,,,,,,,,,,,
X,Income share held by fourth 20%,,,21.4,,,,,,21.8,,,,,,,,,,,,,,,,,,,,,,,,,,,,,,,,,,,,,,,,,,,,,,,
X,UHC service coverage sub-index on non-communicable diseases,,40,41,42,43,43,44,45,45,46,,,,,,,,,,,,,,,,,,,,,,,,,,,,,,,,,,,,,,,,,,,,,,
X,"School enrollment, secondary, male (% net)",,55.32819,61.67048,58.82658,61.06971,,,,,,,,,,,,,,,,,,,,,,,,,,,,,,,,,,,,,,,,,,,,,,,,,,,
X,"School enrollment, secondary, female (% gross)",,62.58327103,66.91201253,66.82060803,69.01920693,68.60824907,71.12875071,75.08964167,72.27311442,71.54619763,70.47203098,,,,,,,,,,,,,,,,,,,,,,,,,,,,,,,,,,,,,,,,,,,,,
X,"Pupil-teacher ratio, upper secondary",,,31.90002,31.18447,28.66906,,,,,,,,,,,,,,,,,,,,,,,,,,,,,,,,,,,,,,,,,,,,,,,,,,,
X,"Secondary education, general pupils",,13964691,15160895,14702156,15112531,,,,,,,,,,,,,,,,,,,,,,,,,,,,,,,,,,,,,,,,,,,,,,,,,,,
X,"Educational attainment, at least completed upper secondary, population 25+, total (%) (cumulative)",,28.55999947,28.96999931,29.79000092,30.54000092,31.32999992,,33.65999985,,,,,,,,,,,,,,,,,,,,,,,,,,,,,,,,,,,,,,,,,,,,,,,,
X,"Educational attainment, at least completed post-secondary, population 25+, male (%) (cumulative)",,18.11000061,18.62000084,19.19000053,19.88999939,20.55999947,,22.27000046,,,,,,,,,,,,,,,,,,,,,,,,,,,,,,,,,,,,,,,,,,,,,,,,
X,"Educational attainment, at least completed lower secondary, population 25+, female (%) (cumulative)",,36.49000168,36.91999817,38.45999908,39.86000061,41.13000107,,45.36000061,,,,,,,,,,,,,,,,,,,,,,,,,,,,,,,,,,,,,,,,,,,,,,,,
X,Lower secondary school starting age (years),,11,11,11,11,11,11,11,11,11,11,,,,,,,,,,,,,,,,,,,,,,,,,,,,,,,,,,,,,,,,,,,,,
X,"Children out of school, female (% of female primary school age)",,,,0.677165542,2.387631619,,,,,,,,,,,,,,,,,,,,,,,,,,,,,,,,,,,,,,,,,,,,,,,,,,,
X,"Adjusted net enrollment rate, primary, female (% of primary school age children)",,,,,,,,,,,,,,,,,,,,,,,,,,,,,,,,,,,,,,,,,,,,,,,,,,,,,,,,
X,Trained teachers in primary education (% of total teachers),,47.57899857,50.4313199,50.43127103,48.48731207,67.92530489,65.62207467,66.17329676,73.60418407,77.26058677,77.8765145,,,,,,,,,,,,,,,,,,,,,,,,,,,,,,,,,,,,,,,,,,,,,
X,"Repeaters, primary, male (% of male enrollment)",,,,5.03379,4.51672,,,,,,,,,,,,,,,,,,,,,,,,,,,,,,,,,,,,,,,,,,,,,,,,,,,
X,"Persistence to last grade of primary, female (% of cohort)",,,,,,,,,,,,,,,,,,,,,,,,,,,,,,,,,,,,,,,,,,,,,,,,,,,,,,,,
X,"School enrollment, primary, private (% of total primary)",,,,21.39804077,23.90352058,,,,,,,,,,,,,,,,,,,,,,,,,,,,,,,,,,,,,,,,,,,,,,,,,,,
X,Net intake rate in grade 1 (% of official school-age population),,,,,,,,,,,,,,,,,,,,,,,,,,,,,,,,,,,,,,,,,,,,,,,,,,,,,,,,
X,"School enrollment, primary, female (% net)",,,,,,,,,,,,,,,,,,,,,,,,,,,,,,,,,,,,,,,,,,,,,,,,,,,,,,,,
X,"Gross intake ratio in first grade of primary education, female (% of relevant age group)",,116.85365,106.04715,105.79181,109.285,,,,,,,,,,,,,,,,,,,,,,,,,,,,,,,,,,,,,,,,,,,,,,,,,,,
X,"Pupil-teacher ratio, primary",,,,30.05456,30.05459,,,,,,,,,,,,,,,,,,,,,,,,,,,,,,,,,,,,,,,,,,,,,,,,,,,
X,"Educational attainment, at least completed primary, population 25+ years, total (%) (cumulative)",,54.75,56.29999924,57.43999863,58.40000153,61.06000137,62.86999893,60.56999969,54.6803894,,,,,,,,,,,,,,,,,,,,,,,,,,,,,,,,,,,,,,,,,,,,,,,
X,"Primary completion rate, male (% of relevant age group)",,,,,,,,105.2877567,87.65136278,89.12885423,86.44887543,,,,,,,,,,,,,,,,,,,,,,,,,,,,,,,,,,,,,,,,,,,,,
X,"Trained teachers in preprimary education, male (% of male teachers)",,,,,,,,,,,,,,,,,,,,,,,,,,,,,,,,,,,,,,,,,,,,,,,,,,,,,,,,
X,"School enrollment, preprimary (% gross)",,32.35713196,35.5150528,41.73958206,40.81816101,,45.59895325,36.38068771,,,,,,,,,,,,,,,,,,,,,,,,,,,,,,,,,,,,,,,,,,,,,,,,
X,Female primary school age children out-of-school (%),,,,,,,,,2.190002441,,,,,,,,,,,,,,,,,,,,,,,,,,,,,,,,,,,,,,,,,,,,,,,
X,Female pupils below minimum reading proficiency at end of primary (%). Low GAML threshold,,,,,,,,,48,,,,,,,,,,,,,,,,,,,,,,,,,,,,,,,,,,,,,,,,,,,,,,,
X,"School enrollment, tertiary (gross), gender parity index (GPI)",,0.696338147,0.678212076,0.681327458,0.662399188,0.64954766,0.7086321,0.704929783,0.708570653,0.742228184,0.771458738,,,,,,,,,,,,,,,,,,,,,,,,,,,,,,,,,,,,,,,,,,,,,
X,"Compulsory education, duration (years)",,5,5,5,5,5,5,5,5,5,5,,,,,,,,,,,,,,,,,,,,,,,,,,,,,,,,,,,,,,,,,,,,,
X,"Literacy rate, youth total (% of people ages 15-24)",,87.88999939,92.23999786,92.94999695,93.30000305,94.86000061,94.45999908,94.83000183,93.44999695,,,,,,,,,,,,,,,,,,,,,,,,,,,,,,,,,,,,,,,,,,,,,,,
X,Regulatory Quality: Standard Error,,0.181077972,0.186086923,0.181003958,0.183543772,0.182888299,0.2005229,0.191327646,0.192540511,0.190029964,,,,,,,,,,,,,,,,,,,,,,,,,,,,,,,,,,,,,,,,,,,,,,
X,Regulatory Quality: Number of Sources,,11,11,11,11,11,10,10,10,11,,,,,,,,,,,,,,,,,,,,,,,,,,,,,,,,,,,,,,,,,,,,,,
X,"Rule of Law: Percentile Rank, Lower Bound of 90% Confidence Interval",,12.85714245,17.61904716,17.1428566,18.5714283,19.04761887,21.4285717,20.47619057,20.75471687,24.05660439,,,,,,,,,,,,,,,,,,,,,,,,,,,,,,,,,,,,,,,,,,,,,,
X,Real effective exchange rate index (2010 = 100),,,,,,,,,,,,,,,,,,,,,,,,,,,,,,,,,,,,,,,,,,,,,,,,,,,,,,,,
X,Political Stability and Absence of Violence/Terrorism: Percentile Rank,,10,10.95238113,10.47619057,14.15094376,15.56603813,15.56603813,14.15094376,13.20754719,15.63981056,,,,,,,,,,,,,,,,,,,,,,,,,,,,,,,,,,,,,,,,,,,,,,
X,Coverage of social insurance programs in 4th quintile (% of population),,,1.006512626,,,,,,1.028952316,,,,,,,,,,,,,,,,,,,,,,,,,,,,,,,,,,,,,,,,,,,,,,,
X,Coverage of social insurance programs (% of population),,,0.985541664,,,,,,1.185226446,,,,,,,,,,,,,,,,,,,,,,,,,,,,,,,,,,,,,,,,,,,,,,,
X,Coverage of social safety net programs in 4th quintile (% of population),,,33.56763008,,,,,,48.02716667,,,,,,,,,,,,,,,,,,,,,,,,,,,,,,,,,,,,,,,,,,,,,,,
X,Coverage of social safety net programs (% of population),,,40.70175791,,,,,,54.37244738,,,,,,,,,,,,,,,,,,,,,,,,,,,,,,,,,,,,,,,,,,,,,,,
X,Statistical performance indicators (SPI): Pillar 5 data infrastructure score (scale 0-100),,,35,25,25,25,25,55,60,70,65,,,,,,,,,,,,,,,,,,,,,,,,,,,,,,,,,,,,,,,,,,,,,
X,Statistical performance indicators (SPI): Pillar 1 data use score (scale 0-100),,70,83.4,90,90,90,90,90,90,80,80,,,,,,,,,,,,,,,,,,,,,,,,,,,,,,,,,,,,,,,,,,,,,
X,CPIA structural policies cluster average (1=low to 6=high),,3,3,3,3,2.833333,2.833333333,2.833333,2.833333,2.833333,2.833333,,,,,,,,,,,,,,,,,,,,,,,,,,,,,,,,,,,,,,,,,,,,,
X,CPIA social protection rating (1=low to 6=high),,3.5,3.5,3.5,3.5,3,3,3.5,3.5,3.5,3.5,,,,,,,,,,,,,,,,,,,,,,,,,,,,,,,,,,,,,,,,,,,,,
X,CPIA macroeconomic management rating (1=low to 6=high),,4,4,4,3.5,3.5,3.5,3.5,3,2.5,3,,,,,,,,,,,,,,,,,,,,,,,,,,,,,,,,,,,,,,,,,,,,,
X,CPIA fiscal policy rating (1=low to 6=high),,3.5,3.5,3.5,3.5,3.5,3.5,3.5,3.5,3.5,3.5,,,,,,,,,,,,,,,,,,,,,,,,,,,,,,,,,,,,,,,,,,,,,
X,CPIA economic management cluster average (1=low to 6=high),,3.83333,3.83333,3.833333333,3.666666667,3.666667,3.666666667,3.666667,3.5,3.333333,3.5,,,,,,,,,,,,,,,,,,,,,,,,,,,,,,,,,,,,,,,,,,,,,
X,"Trademark applications, nonresident, by count",,3487,3795,3843,4120,4392,3909,4696,,,,,,,,,,,,,,,,,,,,,,,,,,,,,,,,,,,,,,,,,,,,,,,,
X,"Industrial design applications, resident, by count",,1284,1359,1577,1897,1494,1162,1338,,,,,,,,,,,,,,,,,,,,,,,,,,,,,,,,,,,,,,,,,,,,,,,,
X,Public private partnerships investment in ICT (current US$),,,,,,,,,,,,,,,,,,,,,,,,,,,,,,,,,,,,,,,,,,,,,,,,,,,,,,,,
X,Investment in ICT with private participation (current US$),,,,,,,,,,,,,,,,,,,,,,,,,,,,,,,,,,,,,,,,,,,,,,,,,,,,,,,,
X,Management practices index,,,,,,,,,36.19459152,,,,,,,,,,,,,,,,,,,,,,,,,,,,,,,,,,,,,,,,,,,,,,,
X,Value lost due to electrical outages (% of sales for affected firms),,,,,,,,,2,,,,,,,,,,,,,,,,,,,,,,,,,,,,,,,,,,,,,,,,,,,,,,,
X,Firms formally registered when operations started (% of firms),,,,,,,,,61.37792206,,,,,,,,,,,,,,,,,,,,,,,,,,,,,,,,,,,,,,,,,,,,,,,
X,Firms exporting directly at least 10% of sales (% of firms),,,,,,,,,7.728222847,,,,,,,,,,,,,,,,,,,,,,,,,,,,,,,,,,,,,,,,,,,,,,,
X,Firms that are fully credit constrained (% of firms),,,,,,,,,8.037090302,,,,,,,,,,,,,,,,,,,,,,,,,,,,,,,,,,,,,,,,,,,,,,,
X,Firms that use a third party to resolve commercial disputes (% of firms),,,,,,,,,57.69358826,,,,,,,,,,,,,,,,,,,,,,,,,,,,,,,,,,,,,,,,,,,,,,,
X,Firms using banks to finance working capital (% of firms),,,,,,,,,38.7290535,,,,,,,,,,,,,,,,,,,,,,,,,,,,,,,,,,,,,,,,,,,,,,,
X,Average time to clear exports through customs (days),,,,,,,,,6.66562748,,,,,,,,,,,,,,,,,,,,,,,,,,,,,,,,,,,,,,,,,,,,,,,
X,B-READY: Utility Services Pillar 2: Quality of Governance and Transparency of Utility Services,,,,,,,,,,,50.29355925,,,,,,,,,,,,,,,,,,,,,,,,,,,,,,,,,,,,,,,,,,,,,
X,B-READY: Taxation Pillar 2: Public Services Provided by the Tax Administration,,,,,,,,,,,48.09027863,,,,,,,,,,,,,,,,,,,,,,,,,,,,,,,,,,,,,,,,,,,,,
X,B-READY: Pillar 2: Public Services,,,,,,,,,,,41.63901258,,,,,,,,,,,,,,,,,,,,,,,,,,,,,,,,,,,,,,,,,,,,,
X,B-READY: Market Competition Pillar 1: Quality of Regulations that Promote Market Competition,,,,,,,,,,,36.92297904,,,,,,,,,,,,,,,,,,,,,,,,,,,,,,,,,,,,,,,,,,,,,
X,B-READY: Labor Pillar 1: Quality of Labor Regulations,,,,,,,,,,,78.71153846,,,,,,,,,,,,,,,,,,,,,,,,,,,,,,,,,,,,,,,,,,,,,
X,B-READY: International Trade Pillar 1: Quality of Regulations for International Trade,,,,,,,,,,,51.10542777,,,,,,,,,,,,,,,,,,,,,,,,,,,,,,,,,,,,,,,,,,,,,
X,B-READY: Financial Services Pillar 1: Quality of Regulations for Financial Services,,,,,,,,,,,74.22222209,,,,,,,,,,,,,,,,,,,,,,,,,,,,,,,,,,,,,,,,,,,,,
X,B-READY: Dispute Resolution Pillar 1: Quality of Regulations for Dispute Resolution,,,,,,,,,,,52.49253845,,,,,,,,,,,,,,,,,,,,,,,,,,,,,,,,,,,,,,,,,,,,,
X,B-READY: Business Location Pillar 1: Quality of Regulations for Business Location,,,,,,,,,,,61.55043904,,,,,,,,,,,,,,,,,,,,,,,,,,,,,,,,,,,,,,,,,,,,,
X,B-READY: Business Insolvency Pillar 1: Quality of Regulations for Judicial Insolvency Proceedings,,,,,,,,,,,36.83333,,,,,,,,,,,,,,,,,,,,,,,,,,,,,,,,,,,,,,,,,,,,,
X,B-READY: Business Entry Pillar 1: Quality of Regulations for Business Entry,,,,,,,,,,,79.99999928,,,,,,,,,,,,,,,,,,,,,,,,,,,,,,,,,,,,,,,,,,,,,
X,"Human capital index plus (HCI+): overall score, female (scale 0–325)",,103.4887808,,,,,114.9943897,,,,,126.8500536,,,,,,,,,,,,,,,,,,,,,,,,,,,,,,,,,,,,,,,,,,,,
X,"Human capital index plus (HCI+): health pillar score, total (scale 0–50)",,38.51505383,,,,,40.55843243,,,,,41.80563744,,,,,,,,,,,,,,,,,,,,,,,,,,,,,,,,,,,,,,,,,,,,
X,Methane (CH4) emissions from Transport (Energy) (Mt CO2e),,0.1807,0.1924,0.1867,0.1677,0.1633,0.1415,0.1444,0.1572,0.1479,0.1507,,,,,,,,,,,,,,,,,,,,,,,,,,,,,,,,,,,,,,,,,,,,,
X,Methane (CH4) emissions from Industrial Combustion (Energy) (Mt CO2e),,0.0182,0.0228,0.0291,0.0252,0.0297,0.0296,0.0298,0.024,0.0316,0.0339,,,,,,,,,,,,,,,,,,,,,,,,,,,,,,,,,,,,,,,,,,,,,
X,Total greenhouse gas emissions excluding LULUCF per capita (t CO2e/capita),,1.113431801,1.157935221,1.205100458,1.226364938,1.247593164,1.219153993,1.308400927,1.316406622,1.258747821,1.272319038,,,,,,,,,,,,,,,,,,,,,,,,,,,,,,,,,,,,,,,,,,,,,
X,"Droughts, floods, extreme temperatures (% of population, average 1990-2009)",,,,,,,,,,,,,,,,,,,,,,,,,,,,,,,,,,,,,,,,,,,,,,,,,,,,,,,,
X,"PM2.5 pollution, population exposed to levels exceeding WHO Interim Target-3 value (% of total)",,100,100,100,,,,,,,,,,,,,,,,,,,,,,,,,,,,,,,,,,,,,,,,,,,,,,,,,,,,
X,Energy use (kg of oil equivalent per capita),,237.7131636,255.9235488,260.8802861,257.8738895,273.3400233,272.0765721,292.4872195,297.1183563,,,,,,,,,,,,,,,,,,,,,,,,,,,,,,,,,,,,,,,,,,,,,,,
X,Fossil fuel energy consumption (% of total),,71.13170687,0,0,0,0,0,0,0,,,,,,,,,,,,,,,,,,,,,,,,,,,,,,,,,,,,,,,,,,,,,,,
X,GDP per unit of energy use (PPP $ per kg of oil equivalent),,17.71982552,17.89257889,18.71589072,21.29009195,22.12308297,24.40704219,25.44066422,28.44169283,,,,,,,,,,,,,,,,,,,,,,,,,,,,,,,,,,,,,,,,,,,,,,,
X,Renewable electricity output (% of total electricity output),,1.819227983,1.821709248,1.845075402,1.58250379,1.415330544,1.468127886,1.502055117,,,,,,,,,,,,,,,,,,,,,,,,,,,,,,,,,,,,,,,,,,,,,,,,
X,Electric power transmission and distribution losses (% of output),,11.99137336,9.291534959,8.583200751,8.719050025,8.123706978,8.669121515,7.80421482,7.793019893,,,,,,,,,,,,,,,,,,,,,,,,,,,,,,,,,,,,,,,,,,,,,,,
X,Access to electricity (% of population),,74,75.9,88,86.9,92.2,96.2,99,99.4,99.5,,,,,,,,,,,,,,,,,,,,,,,,,,,,,,,,,,,,,,,,,,,,,,
X,Access to clean fuels and technologies for cooking (% of population),,18.1,19.4,20.6,22,23.1,24.6,25.9,27.2,28.4,,,,,,,,,,,,,,,,,,,,,,,,,,,,,,,,,,,,,,,,,,,,,,
X,"Multilateral debt service (TDS, current US$)",,803796071.2,874537294.6,1038909571,1098705367,1235381992,1294396678,1513269048,1874085342,2273516377,2710108231,,,,,,,,,,,,,,,,,,,,,,,,,,,,,,,,,,,,,,,,,,,,,
X,"Debt service (PPG and IMF only, % of exports of goods, services and primary income)",,3.82473073,3.304882749,3.819663901,3.955101298,4.490829505,5.545727477,5.980164018,5.944589527,8.048373654,,,,,,,,,,,,,,,,,,,,,,,,,,,,,,,,,,,,,,,,,,,,,,
X,"Debt service on external debt, total (TDS, current US$)",,1755769692,1858017035,2277943607,3025189206,5933889103,4047043812,5678071953,6799109898,7474102274,8596803873,,,,,,,,,,,,,,,,,,,,,,,,,,,,,,,,,,,,,,,,,,,,,
X,Net official development assistance received (constant 2023 US$),,2894629395,2807959717,3947421387,3046844482,4572560547,5253880859,4791762695,5284681152,5683857422,,,,,,,,,,,,,,,,,,,,,,,,,,,,,,,,,,,,,,,,,,,,,,
X,Net official aid received (constant 2023 US$),,,,,,,,,,,,,,,,,,,,,,,,,,,,,,,,,,,,,,,,,,,,,,,,,,,,,,,,
X,"Net official flows from UN agencies, WTO-ITC (current US$)",,,,,,,83393.99844,,,,,,,,,,,,,,,,,,,,,,,,,,,,,,,,,,,,,,,,,,,,,,,,,
X,"Net official flows from UN agencies, UNWOMEN (current US$)",,,,,,,,1165179.968,1081616.044,1555318.952,,,,,,,,,,,,,,,,,,,,,,,,,,,,,,,,,,,,,,,,,,,,,,
X,"Net official flows from UN agencies, UNIDO (current US$)",,,,,,,6382.999942,4048.999865,19534.9995,,,,,,,,,,,,,,,,,,,,,,,,,,,,,,,,,,,,,,,,,,,,,,,
X,"Net official flows from UN agencies, UNECE (current US$)",,,,,,,,,,,,,,,,,,,,,,,,,,,,,,,,,,,,,,,,,,,,,,,,,,,,,,,,
X,"Net bilateral aid flows from DAC donors, Norway (current US$)",,4251742.84,2704524.04,12826775.55,14572783.47,14232792.85,14947506.9,17862276.08,14769319.53,15739406.59,,,,,,,,,,,,,,,,,,,,,,,,,,,,,,,,,,,,,,,,,,,,,,
X,"Net bilateral aid flows from DAC donors, Korea, Rep. (current US$)",,52160533.91,27450544.36,33823925.02,69031677.25,98631248.47,103772293.1,224141143.8,85417221.07,197786193.8,,,,,,,,,,,,,,,,,,,,,,,,,,,,,,,,,,,,,,,,,,,,,,
X,"Net bilateral aid flows from DAC donors, Ireland (current US$)",,1309999.943,1299347.997,2193967.104,2658859.015,2544147.015,2609836.102,2566225.052,2672415.972,2962285.042,,,,,,,,,,,,,,,,,,,,,,,,,,,,,,,,,,,,,,,,,,,,,,
X,"Net bilateral aid flows from DAC donors, France (current US$)",,-7383405.209,13902619.36,20880449.3,63575950.62,88359756.47,26931341.17,175903259.3,214522155.8,155953826.9,,,,,,,,,,,,,,,,,,,,,,,,,,,,,,,,,,,,,,,,,,,,,,
X,"Net bilateral aid flows from DAC donors, Denmark (current US$)",,10273018.84,24502872.47,32878608.7,30779630.66,27795385.36,15307394.03,21989423.75,15060192.11,21195489.88,,,,,,,,,,,,,,,,,,,,,,,,,,,,,,,,,,,,,,,,,,,,,,
X,"Net bilateral aid flows from DAC donors, European Union institutions (current US$)",,79451560.97,115109222.4,141442672.7,168623001.1,160709137,279471496.6,234526275.6,153000762.9,196220230.1,,,,,,,,,,,,,,,,,,,,,,,,,,,,,,,,,,,,,,,,,,,,,,
X,"Net bilateral aid flows from DAC donors, Australia (current US$)",,48952030.18,34116352.08,46738002.78,54738265.99,58974182.13,79648536.68,93059204.1,84973037.72,85064857.48,,,,,,,,,,,,,,,,,,,,,,,,,,,,,,,,,,,,,,,,,,,,,,
X,"Listed domestic companies, total",,543,557,572,593,611,628,660,678,680,691,,,,,,,,,,,,,,,,,,,,,,,,,,,,,,,,,,,,,,,,,,,,,
X,Control of Corruption: Standard Error,,0.137239784,0.140750498,0.129337415,0.131420761,0.139729172,0.142326146,0.154624939,0.153607294,0.155406818,,,,,,,,,,,,,,,,,,,,,,,,,,,,,,,,,,,,,,,,,,,,,,
X,Control of Corruption: Number of Sources,,13,12,12,12,12,12,12,12,12,,,,,,,,,,,,,,,,,,,,,,,,,,,,,,,,,,,,,,,,,,,,,,
X,"Personal transfers, receipts (BoP, current US$)",,15271417296,13548987677,13474496432,15536967161,18337122471,21693111325,22112032449,21401711094,22058566488,27460645334,,,,,,,,,,,,,,,,,,,,,,,,,,,,,,,,,,,,,,,,,,,,,
X,"Intentional homicides (per 100,000 people)",,2.531634784,2.233043248,2.188226354,2.342176682,,,,,,,,,,,,,,,,,,,,,,,,,,,,,,,,,,,,,,,,,,,,,,,,,,,
X,"Internally displaced persons, new displacement associated with conflict and violence (number of cases)",,,,6000,300,29,210,150,120,,,,,,,,,,,,,,,,,,,,,,,,,,,,,,,,,,,,,,,,,,,,,,,
X,"Voice and Accountability: Percentile Rank, Lower Bound of 90% Confidence Interval",,26.60098457,24.13793182,23.64532089,21.84465981,22.22222137,21.25603867,21.25603867,21.73913002,23.52941132,,,,,,,,,,,,,,,,,,,,,,,,,,,,,,,,,,,,,,,,,,,,,,
X,Travel services (% of commercial service exports),,8.922992128,10.6365012,14.98669936,11.88147781,12.22195046,7.051266614,5.552126484,7.432260921,10.08415549,7.503444276,,,,,,,,,,,,,,,,,,,,,,,,,,,,,,,,,,,,,,,,,,,,,
X,Commercial service exports (current US$),,1676663306,2007595554,2274250957,2973493551,3178109448,3079368960,4916674070,5659337079,4499186563,5875218459,,,,,,,,,,,,,,,,,,,,,,,,,,,,,,,,,,,,,,,,,,,,,
X,Merchandise exports by the reporting economy (current US$),,24643402526,24819157738,25700689017,27615508107,29805901038,27848829165,37837738908,47070835971,38755820774,,,,,,,,,,,,,,,,,,,,,,,,,,,,,,,,,,,,,,,,,,,,,,
X,Merchandise exports to low- and middle-income economies in Middle East & North Africa (% of total merchandise exports),,0.446502779,0.38299726,0.393360645,0.338861826,0.304055656,0.352641748,0.373570126,0.349280306,0.276838707,,,,,,,,,,,,,,,,,,,,,,,,,,,,,,,,,,,,,,,,,,,,,,
X,Merchandise exports to low- and middle-income economies outside region (% of total merchandise exports),,8.668969156,8.467263346,8.404002486,7.285977742,7.216244509,7.25704302,7.004887138,5.983464502,6.913888615,,,,,,,,,,,,,,,,,,,,,,,,,,,,,,,,,,,,,,,,,,,,,,
X,Ores and metals exports (% of merchandise exports),,0.171611767,0.19927269,0.277522431,0.293795364,,,,,,,,,,,,,,,,,,,,,,,,,,,,,,,,,,,,,,,,,,,,,,,,,,,
X,Fuel exports (% of merchandise exports),,0.561290711,0.799979317,0.68273857,1.096878261,,,,,,,,,,,,,,,,,,,,,,,,,,,,,,,,,,,,,,,,,,,,,,,,,,,
X,Export volume index (2015 = 100),,100,108.5,112.2,122.3,122.6,100.7,132.2,158.5,163.1,,,,,,,,,,,,,,,,,,,,,,,,,,,,,,,,,,,,,,,,,,,,,,
X,Transport services (% of commercial service imports),,78.11388433,71.11925735,69.45780932,60.97205804,60.91576245,66.89083956,69.64943333,70.22775574,62.75874962,60.36584649,,,,,,,,,,,,,,,,,,,,,,,,,,,,,,,,,,,,,,,,,,,,,
X,Merchandise imports from low- and middle-income economies within region (% of total merchandise imports),,17.03638658,16.14116467,17.75138113,18.24842085,14.92235504,16.14976939,18.20713632,17.32177454,15.41037686,,,,,,,,,,,,,,,,,,,,,,,,,,,,,,,,,,,,,,,,,,,,,,
X,Merchandise imports from low- and middle-income economies in South Asia (% of total merchandise imports),,17.03638658,16.14116467,17.75138113,18.24842085,14.92235504,16.14976939,18.20713632,17.32177454,15.41037686,,,,,,,,,,,,,,,,,,,,,,,,,,,,,,,,,,,,,,,,,,,,,,
X,Merchandise imports from low- and middle-income economies in East Asia & Pacific (% of total merchandise imports),,34.2032738,34.85582141,33.27008931,35.88036374,36.00158057,35.23790961,37.11763601,37.1765617,39.93286127,,,,,,,,,,,,,,,,,,,,,,,,,,,,,,,,,,,,,,,,,,,,,,
X,Merchandise imports from economies in the Arab World (% of total merchandise imports),,7.248628602,6.203428175,6.037360829,7.366932269,9.808172219,7.931038226,8.049857523,11.36036385,9.880109411,,,,,,,,,,,,,,,,,,,,,,,,,,,,,,,,,,,,,,,,,,,,,,
X,ICT goods imports (% total goods imports),,3.06,,,,,,,,,,,,,,,,,,,,,,,,,,,,,,,,,,,,,,,,,,,,,,,,,,,,,,
X,Import unit value index (2015 = 100),,100,100,104.3,108.7,102.2,101.7,123.3,144,130.5,126.8,,,,,,,,,,,,,,,,,,,,,,,,,,,,,,,,,,,,,,,,,,,,,
X,"Tariff rate, applied, simple mean, primary products (%)",,13.13,13.63,,,13.91,14.53,14.63,15.18,,,,,,,,,,,,,,,,,,,,,,,,,,,,,,,,,,,,,,,,,,,,,,,
X,"Tariff rate, applied, weighted mean, all products (%)",,11.82,10.72,,,8.64,10.99,10.95,10.56,,,,,,,,,,,,,,,,,,,,,,,,,,,,,,,,,,,,,,,,,,,,,,,
X,"Binding coverage, all products (%)",,17.2,17.2,,,17.32,17.32,17.32,17.32,,,,,,,,,,,,,,,,,,,,,,,,,,,,,,,,,,,,,,,,,,,,,,,
X,"Tariff rate, applied, simple mean, manufactured products (%)",,11.82,12.88,,,11.96,12.26,12.29,12.57,,,,,,,,,,,,,,,,,,,,,,,,,,,,,,,,,,,,,,,,,,,,,,,
X,Merchandise trade (% of GDP),,38.1385054,30.03719313,30.19312337,31.03875581,28.02452419,23.10528072,29.94943341,30.34761641,25.39920108,25.5765452,,,,,,,,,,,,,,,,,,,,,,,,,,,,,,,,,,,,,,,,,,,,,
X,"International tourism, receipts for travel items (current US$)",,150000000,214000000,341000000,353000000,388000000,217000000,,,,,,,,,,,,,,,,,,,,,,,,,,,,,,,,,,,,,,,,,,,,,,,,,
X,"International tourism, receipts (current US$)",,150300003.1,214300003.1,348000000,357000000,391000000,217899993.9,,,,,,,,,,,,,,,,,,,,,,,,,,,,,,,,,,,,,,,,,,,,,,,,,
X,Urban population (% of total population),,29.53950995,29.87539155,30.20157984,30.5175656,30.82283963,31.11689273,31.39921569,31.67373473,32.1578465,32.67831963,,,,,,,,,,,,,,,,,,,,,,,,,,,,,,,,,,,,,,,,,,,,,
X,Rural population growth (annual %),,0.405285201,0.414597937,0.384676271,0.367215934,0.406089214,0.410331673,0.404278117,0.623261866,0.510663654,0.444480345,,,,,,,,,,,,,,,,,,,,,,,,,,,,,,,,,,,,,,,,,,,,,
X,"Completeness of birth registration, urban (%)",,,,,26.1,53.8,,,,,,,,,,,,,,,,,,,,,,,,,,,,,,,,,,,,,,,,,,,,,,,,,,
X,"Population, male (% of total population)",,49.2699766,49.18267321,49.15578332,49.18638775,49.21513946,49.23623145,49.25021169,49.23661789,49.19763915,49.17175247,,,,,,,,,,,,,,,,,,,,,,,,,,,,,,,,,,,,,,,,,,,,,
X,"Population, total",,159383179,160811932,162186147,163523103,164913055,166298024,167658854,169384897,171466990,173562364,,,,,,,,,,,,,,,,,,,,,,,,,,,,,,,,,,,,,,,,,,,,,
X,"Age dependency ratio, young (% of working-age population)",,48.78715882,47.49104533,46.51110171,45.90396521,45.44492792,45.07791259,44.76327373,44.19724914,43.41932493,42.72296961,,,,,,,,,,,,,,,,,,,,,,,,,,,,,,,,,,,,,,,,,,,,,
X,"Population ages 80 and above, male (% of male population)",,0.571169119,0.605733042,0.643962087,0.685864604,0.731415084,0.770897814,0.805772848,0.851738793,0.908220471,0.962134198,,,,,,,,,,,,,,,,,,,,,,,,,,,,,,,,,,,,,,,,,,,,,
X,"Population ages 70-74, male (% of male population)",,1.434628045,1.484225112,1.530282577,1.561117373,1.576444647,1.58663564,1.60254571,1.640936964,1.708939803,1.793945293,,,,,,,,,,,,,,,,,,,,,,,,,,,,,,,,,,,,,,,,,,,,,
X,"Population ages 65 and above, male (% of male population)",,4.834588097,4.986690908,5.157456574,5.347035005,5.55314057,5.729878659,5.878951681,6.062690862,6.272188324,6.466866149,,,,,,,,,,,,,,,,,,,,,,,,,,,,,,,,,,,,,,,,,,,,,
X,"Population ages 65-69, male (% of male population)",,1.980143912,2.013970951,2.064796892,2.143977054,2.248245766,2.340671964,2.410684968,2.475279947,2.53041361,2.571290712,,,,,,,,,,,,,,,,,,,,,,,,,,,,,,,,,,,,,,,,,,,,,
X,"Population ages 55-59, male (% of male population)",,3.589601831,3.643591389,3.681952446,3.69863797,3.70255534,3.701511894,3.700589667,3.716320124,3.748112013,3.776762856,,,,,,,,,,,,,,,,,,,,,,,,,,,,,,,,,,,,,,,,,,,,,
X,"Population ages 45-49, male (% of male population)",,4.74876845,4.756434493,4.791708526,4.846888346,4.897906279,4.949642051,5.002367591,5.071539188,5.16534345,5.280481539,,,,,,,,,,,,,,,,,,,,,,,,,,,,,,,,,,,,,,,,,,,,,
X,"Population ages 35-39, male (% of male population)",,6.273667417,6.34094142,6.473556123,6.676448496,6.900012185,7.126922064,7.309290815,7.325797148,7.172456944,6.962757138,,,,,,,,,,,,,,,,,,,,,,,,,,,,,,,,,,,,,,,,,,,,,
X,"Population ages 25-29, male (% of male population)",,8.423192832,8.44224275,8.394212371,8.287999091,8.199657993,8.157173693,8.143711271,8.127156678,8.067052104,7.9593649,,,,,,,,,,,,,,,,,,,,,,,,,,,,,,,,,,,,,,,,,,,,,
X,Population ages 15-64 (% of total population),,63.91505781,64.36171178,64.66480015,64.79731777,64.86127978,64.90640953,64.95168587,65.09475232,65.31856977,65.51260647,,,,,,,,,,,,,,,,,,,,,,,,,,,,,,,,,,,,,,,,,,,,,
X,"Population ages 15-64, female (% of female population)",,64.81188626,65.28680044,65.59976467,65.75829678,65.90213546,66.05290126,66.2102422,66.42406027,66.66109818,66.83395318,,,,,,,,,,,,,,,,,,,,,,,,,,,,,,,,,,,,,,,,,,,,,
X,"Population ages 10-14, male (% of male population)",,11.45931222,11.27025835,11.02109562,10.78997382,10.6508283,10.58150398,10.55671602,10.4350715,10.18761225,9.914172765,,,,,,,,,,,,,,,,,,,,,,,,,,,,,,,,,,,,,,,,,,,,,
X,Population ages 0-14 (% of total population),,31.18234077,30.56604988,30.0763108,29.74453821,29.47616185,29.25845469,29.0745008,28.77009003,28.36088217,27.98893054,,,,,,,,,,,,,,,,,,,,,,,,,,,,,,,,,,,,,,,,,,,,,
X,"Population ages 0-14, female (% of female population)",,30.21945647,29.55816561,29.04328217,28.67600827,28.32927039,28.00987314,27.72388583,27.37049481,26.9715216,26.63701672,,,,,,,,,,,,,,,,,,,,,,,,,,,,,,,,,,,,,,,,,,,,,
X,Teenage mothers (% of women ages 15-19 who have had children or are currently pregnant),,,,,27.7,,,,,,,,,,,,,,,,,,,,,,,,,,,,,,,,,,,,,,,,,,,,,,,,,,,
X,Wanted fertility rate (births per woman),,,,,1.7,,,,,,,,,,,,,,,,,,,,,,,,,,,,,,,,,,,,,,,,,,,,,,,,,,,
X,"Life expectancy at birth, male (years)",,68.682,69.233,69.803,70.379,70.933,69.584,69.484,72.566,73.032,,,,,,,,,,,,,,,,,,,,,,,,,,,,,,,,,,,,,,,,,,,,,,
X,"Mortality rate, infant (per 1,000 live births)",,30,28.6,27.4,26.3,25.4,24.9,24.5,24.4,24.4,,,,,,,,,,,,,,,,,,,,,,,,,,,,,,,,,,,,,,,,,,,,,,
X,"Death rate, crude (per 1,000 people)",,5.638,5.575,5.512,5.442,5.372,6.126,6.317,5.037,5.01,,,,,,,,,,,,,,,,,,,,,,,,,,,,,,,,,,,,,,,,,,,,,,
X,"Adolescent fertility rate (births per 1,000 women ages 15-19)",,89.274,87.837,82.215,80.415,79.151,79.184,75.962,73.128,73.179,,,,,,,,,,,,,,,,,,,,,,,,,,,,,,,,,,,,,,,,,,,,,,
X,Prevalence of moderate or severe food insecurity in the population (%),,,,,,,,,,,,,,,,,,,,,,,,,,,,,,,,,,,,,,,,,,,,,,,,,,,,,,,,
X,Refugees under the mandate of the UNRWA by country or territory of origin,,,,,,,,,,,,,,,,,,,,,,,,,,,,,,,,,,,,,,,,,,,,,,,,,,,,,,,,
X,Domestic private health expenditure per capita (current US$),,24.94760193,29.06083312,30.67053453,32.78555825,35.7123839,39.0436248,44.17453684,45.81925344,43.84987724,,,,,,,,,,,,,,,,,,,,,,,,,,,,,,,,,,,,,,,,,,,,,,
X,Out-of-pocket expenditure (% of current health expenditure),,72.67826843,71.49494171,70.08963776,70.67902374,76.47038269,76.98878479,76.14752197,78.25325775,79.30711365,,,,,,,,,,,,,,,,,,,,,,,,,,,,,,,,,,,,,,,,,,,,,,
X,Domestic general government health expenditure (% of GDP),,0.38844827,0.4755646,0.50250494,0.48568422,0.36105901,0.35576752,0.38806468,0.34193528,0.31430635,,,,,,,,,,,,,,,,,,,,,,,,,,,,,,,,,,,,,,,,,,,,,,
X,External health expenditure (% of current health expenditure),,7.78335238,6.1627984,6.05031443,5.8310504,3.8002789,4.06316948,4.13287783,3.643749,3.49973083,,,,,,,,,,,,,,,,,,,,,,,,,,,,,,,,,,,,,,,,,,,,,,
X,Newborns protected against tetanus (%),,97,97,98,98,98,98,98,98,98,98,,,,,,,,,,,,,,,,,,,,,,,,,,,,,,,,,,,,,,,,,,,,,
X,"Prevalence of severe wasting, weight for height (% of children under 5)",,2,,,1.5,2.3,,,1.7,,,,,,,,,,,,,,,,,,,,,,,,,,,,,,,,,,,,,,,,,,,,,,,
X,"Prevalence of wasting, weight for height, male (% of children under 5)",,12,,,9.2,10.4,,,10.3,,,,,,,,,,,,,,,,,,,,,,,,,,,,,,,,,,,,,,,,,,,,,,,
X,"Suicide mortality rate (per 100,000 population)",,2.97,2.98,3.09,3.06,3.08,2.81,2.81,,,,,,,,,,,,,,,,,,,,,,,,,,,,,,,,,,,,,,,,,,,,,,,,
X,"Prevalence of stunting, height for age (modeled estimate, % of children under 5)",,34.2,32.8,31.3,29.8,28.4,27.3,26.4,25.9,25.5,25.1,,,,,,,,,,,,,,,,,,,,,,,,,,,,,,,,,,,,,,,,,,,,,
X,"Prevalence of stunting, height for age, female (% of children under 5)",,35,,,30.9,27.9,,,23.3,,,,,,,,,,,,,,,,,,,,,,,,,,,,,,,,,,,,,,,,,,,,,,,
X,"Mortality rate attributed to unintentional poisoning, male (per 100,000 male population)",,0.22,0.21,0.2,0.17,0.17,0.16,0.15,,,,,,,,,,,,,,,,,,,,,,,,,,,,,,,,,,,,,,,,,,,,,,,,
X,"Prevalence of overweight, weight for height (modeled estimate, % of children under 5)",,1.9,1.9,2,2,2,1.9,1.9,1.8,1.7,1.6,,,,,,,,,,,,,,,,,,,,,,,,,,,,,,,,,,,,,,,,,,,,,
X,"Prevalence of overweight, weight for height, female (% of children under 5)",,,,,1.8,2.3,,,1.8,,,,,,,,,,,,,,,,,,,,,,,,,,,,,,,,,,,,,,,,,,,,,,,
X,"People practicing open defecation, urban (% of urban population)",,0.990983261,0.79277592,0.594568579,0.396361238,0.198153897,0,0,0,0,0,,,,,,,,,,,,,,,,,,,,,,,,,,,,,,,,,,,,,,,,,,,,,
X,"Prevalence of underweight, weight for age (% of children under 5)",,31,,,21.9,22.6,,,21.7,,,,,,,,,,,,,,,,,,,,,,,,,,,,,,,,,,,,,,,,,,,,,,,
X,"People with basic handwashing facilities including soap and water, urban (% of urban population)",,56.03995593,58.70418136,61.36840679,64.03263223,66.69685766,69.36108309,72.02530852,74.68953395,77.35375938,80.01798481,,,,,,,,,,,,,,,,,,,,,,,,,,,,,,,,,,,,,,,,,,,,,
X,Low-birthweight babies (% of births),,23.86487466,23.67182874,23.47035394,23.28589806,23.1435331,23.04670249,,,,,,,,,,,,,,,,,,,,,,,,,,,,,,,,,,,,,,,,,,,,,,,,,
X,"People using at least basic sanitation services, urban (% of urban population)",,56.22780599,57.44406393,58.67258158,59.91335896,61.16639606,62.43169288,63.70924943,64.99906569,66.30114167,67.61547737,,,,,,,,,,,,,,,,,,,,,,,,,,,,,,,,,,,,,,,,,,,,,
X,"Mortality rate attributed to household and ambient air pollution, age-standardized (per 100,000 population)",,,,,,143.9,,,,,,,,,,,,,,,,,,,,,,,,,,,,,,,,,,,,,,,,,,,,,,,,,,
X,Risk of impoverishing expenditure for surgical care (% of people at risk),,85.2,84.3,82,77.9,75.9,75,71.2,67.3,,,,,,,,,,,,,,,,,,,,,,,,,,,,,,,,,,,,,,,,,,,,,,,
X,Prevalence of current tobacco use (% of adults),,38.9,,,,,34.4,33.8,32.9,,,,,,,,,,,,,,,,,,,,,,,,,,,,,,,,,,,,,,,,,,,,,,,
X,Number of maternal deaths,,6600,6200,5800,5500,5200,5100,6600,4600,4000,,,,,,,,,,,,,,,,,,,,,,,,,,,,,,,,,,,,,,,,,,,,,,
X,"Specialist surgical workforce (per 100,000 population)",,,,,2.91,,,,,,,,,,,,,,,,,,,,,,,,,,,,,,,,,,,,,,,,,,,,,,,,,,,
X,"Hospital beds (per 1,000 people)",,0.76,0.79,0.84,0.88,0.89,0.97,0.94,1.01,0.92,,,,,,,,,,,,,,,,,,,,,,,,,,,,,,,,,,,,,,,,,,,,,,
X,Antiretroviral therapy coverage for PMTCT (% of pregnant women living with HIV),,,,,,,,,,,,,,,,,,,,,,,,,,,,,,,,,,,,,,,,,,,,,,,,,,,,,,,,
X,"Incidence of HIV, all (per 1,000 uninfected population)",,0.01,0.01,0.01,0.01,0.01,0.01,0.01,0.01,0.01,0.01,,,,,,,,,,,,,,,,,,,,,,,,,,,,,,,,,,,,,,,,,,,,,
X,Antiretroviral therapy coverage (% of people living with HIV),,13,15,20,23,24,29,30,33,38,41,,,,,,,,,,,,,,,,,,,,,,,,,,,,,,,,,,,,,,,,,,,,,
X,People using safely managed drinking water services (% of population),,56.43603461,56.84784791,57.27599745,57.72062128,58.18170875,58.65925479,59.15341917,59.16010502,59.14280211,59.12542599,,,,,,,,,,,,,,,,,,,,,,,,,,,,,,,,,,,,,,,,,,,,,
X,"People using at least basic drinking water services, urban (% of urban population)",,98.36116081,98.40597469,98.45078119,98.49558029,98.54037199,98.58515631,98.62993323,98.67470276,98.71946489,98.76421963,,,,,,,,,,,,,,,,,,,,,,,,,,,,,,,,,,,,,,,,,,,,,
X,"Mortality from CVD, cancer, diabetes or CRD between exact ages 30 and 70 (%)",,19.1,19.1,19.3,19.3,19.2,18.9,18.1,,,,,,,,,,,,,,,,,,,,,,,,,,,,,,,,,,,,,,,,,,,,,,,,
X,"Mortality rate, under-5, female (per 1,000 live births)",,36.2,34.5,32.8,31.4,30.2,29.4,28.8,28.5,28.4,,,,,,,,,,,,,,,,,,,,,,,,,,,,,,,,,,,,,,,,,,,,,,
X,"Probability of dying among youth ages 20-24 years (per 1,000)",,5.1,4.8,4.6,4.5,4.5,4.5,4.5,4.5,4.4,,,,,,,,,,,,,,,,,,,,,,,,,,,,,,,,,,,,,,,,,,,,,,
X,Number of neonatal deaths,,76114,73146,68995,66252,64099,62955,62431,62847,62615,,,,,,,,,,,,,,,,,,,,,,,,,,,,,,,,,,,,,,,,,,,,,,
X,Number of infant deaths,,95970,92372,88575,85485,83641,82854,82914,83824,84651,,,,,,,,,,,,,,,,,,,,,,,,,,,,,,,,,,,,,,,,,,,,,,
X,Number of deaths ages 10-14 years,,9131,8782,8512,8248,7968,7692,7428,7161,6870,,,,,,,,,,,,,,,,,,,,,,,,,,,,,,,,,,,,,,,,,,,,,,
X,Prevalence of anemia among non-pregnant women (% of women ages 15-49),,34.5,34.7,34.9,35.2,35.5,35.8,36.2,36.8,37.5,,,,,,,,,,,,,,,,,,,,,,,,,,,,,,,,,,,,,,,,,,,,,,
X,"Total alcohol consumption per capita (liters of pure alcohol, projected estimates, 15+ years of age)",,0.005,0.005,0.005,0.005,0.005,0.092,,,,,,,,,,,,,,,,,,,,,,,,,,,,,,,,,,,,,,,,,,,,,,,,,
X,Women who believe a husband is justified in beating his wife when she neglects the children (%),,,,,9.8,,,,,,,,,,,,,,,,,,,,,,,,,,,,,,,,,,,,,,,,,,,,,,,,,,,
X,Proportion of women subjected to physical and/or sexual violence in the last 12 months (% of ever-partnered women ages 15-49),,28.8,,,,,,,,,,,,,,,,,,,,,,,,,,,,,,,,,,,,,,,,,,,,,,,,,,,,,,
X,Proportion of seats held by women in national parliaments (%),,20,20,20.28571429,20.28571429,20.63037249,20.91690544,20.85714286,20.85714286,20.85714286,,,,,,,,,,,,,,,,,,,,,,,,,,,,,,,,,,,,,,,,,,,,,,
X,"Government expenditure on education, total (% of government expenditure)",,12.04410314,11.04944992,,14.24517179,8.732970238,15.03070259,12.76997605,12.40404381,13.00122482,11.9930164,11.88343789,,,,,,,,,,,,,,,,,,,,,,,,,,,,,,,,,,,,,,,,,,,,
X,"Government expenditure per student, secondary (% of GDP per capita)",,,9.88363,,,,,,,,,,,,,,,,,,,,,,,,,,,,,,,,,,,,,,,,,,,,,,,,,,,,,
X,Coverage of unemployment benefits and ALMP in 4th quintile (% of population),,,0.10733063,,,,,,0.857846333,,,,,,,,,,,,,,,,,,,,,,,,,,,,,,,,,,,,,,,,,,,,,,,
X,Coverage of unemployment benefits and ALMP (% of population),,,0.154447061,,,,,,1.57229557,,,,,,,,,,,,,,,,,,,,,,,,,,,,,,,,,,,,,,,,,,,,,,,
X,Benefit incidence of social protection and labor programs to poorest quintile (% of total SPL benefits),,,14.75127393,,,,,,15.32679147,,,,,,,,,,,,,,,,,,,,,,,,,,,,,,,,,,,,,,,,,,,,,,,
X,"PPP conversion factor, GDP (LCU per international $)",,27.04661205,28.18957073,29.35134506,29.397892,29.59568214,28.70980072,28.29668808,27.74716522,28.63067779,29.87878731,,,,,,,,,,,,,,,,,,,,,,,,,,,,,,,,,,,,,,,,,,,,,
X,Net secondary income (Net current transfers from abroad) (constant LCU),,,,,,,,,,,,,,,,,,,,,,,,,,,,,,,,,,,,,,,,,,,,,,,,,,,,,,,,
X,Taxes less subsidies on products (current LCU),,7.08E+11,8.84E+11,1.03E+12,1.23E+12,1.28E+12,1.13E+12,1.32E+12,1.52E+12,1.48E+12,1.66E+12,,,,,,,,,,,,,,,,,,,,,,,,,,,,,,,,,,,,,,,,,,,,,
X,Net primary income (Net income from abroad) (current US$),,12668430528,12425970621,10141503711,12851268280,14386947037,15479725300,21910519865,18228864667,17458123311,19383315285,,,,,,,,,,,,,,,,,,,,,,,,,,,,,,,,,,,,,,,,,,,,,
X,Gross savings (current US$),,71679215045,98876493000,1.04E+11,1.14E+11,1.28E+11,1.39E+11,1.50E+11,1.56E+11,1.53E+11,1.55E+11,,,,,,,,,,,,,,,,,,,,,,,,,,,,,,,,,,,,,,,,,,,,,
X,GNI per capita growth (annual %),,,,4.4428559,7.004118112,7.072563219,2.628913867,7.215869754,4.697408944,4.520391425,3.276949332,,,,,,,,,,,,,,,,,,,,,,,,,,,,,,,,,,,,,,,,,,,,,
X,"GNI, PPP (constant 2021 international $)",,,9.57E+11,1.01E+12,1.09E+12,1.17E+12,1.21E+12,1.31E+12,1.39E+12,1.47E+12,1.54E+12,,,,,,,,,,,,,,,,,,,,,,,,,,,,,,,,,,,,,,,,,,,,,
X,GNI (constant 2015 US$),,2.08E+11,,,,,,,,,,,,,,,,,,,,,,,,,,,,,,,,,,,,,,,,,,,,,,,,,,,,,,
X,"GNI, Atlas method (current US$)",,1.91E+11,2.26E+11,2.67E+11,3.30E+11,3.66E+11,3.85E+11,4.36E+11,4.83E+11,4.94E+11,4.90E+11,,,,,,,,,,,,,,,,,,,,,,,,,,,,,,,,,,,,,,,,,,,,,
X,Gross domestic savings (current US$),,43241503076,72327413589,79500892707,85004244293,94426458253,1.01E+11,1.05E+11,1.16E+11,1.13E+11,1.08E+11,,,,,,,,,,,,,,,,,,,,,,,,,,,,,,,,,,,,,,,,,,,,,
X,"GDP per capita, PPP (current international $)",,4212.235781,4579.132287,4882.606926,5490.158819,6047.124015,6640.584373,7441.06914,8450.549025,9147.777507,9646.769844,,,,,,,,,,,,,,,,,,,,,,,,,,,,,,,,,,,,,,,,,,,,,
X,GDP per capita (current LCU),,95104.28324,129083.7735,143311.0807,161399.096,178968.7602,190649.854,210557.6124,234478.78,261907.0703,288233.7844,,,,,,,,,,,,,,,,,,,,,,,,,,,,,,,,,,,,,,,,,,,,,
X,"GDP, PPP (current international $)",,6.71E+11,7.36E+11,7.92E+11,8.98E+11,9.97E+11,1.10E+12,1.25E+12,1.43E+12,1.57E+12,1.67E+12,,,,,,,,,,,,,,,,,,,,,,,,,,,,,,,,,,,,,,,,,,,,,
X,GDP: linked series (current LCU),,1.82E+13,2.08E+13,2.32E+13,2.64E+13,2.95E+13,3.17E+13,3.53E+13,3.97E+13,4.49E+13,5.00E+13,,,,,,,,,,,,,,,,,,,,,,,,,,,,,,,,,,,,,,,,,,,,,
X,Forest rents (% of GDP),,0.209472521,0.180782184,0.137099068,0.070637338,0.071487646,0.080127381,0.075184503,,,,,,,,,,,,,,,,,,,,,,,,,,,,,,,,,,,,,,,,,,,,,,,,
X,Gross value added at basic prices (GVA) (current US$),,1.86E+11,2.54E+11,2.81E+11,3.06E+11,3.36E+11,3.61E+11,4.01E+11,4.43E+11,4.23E+11,4.35E+11,,,,,,,,,,,,,,,,,,,,,,,,,,,,,,,,,,,,,,,,,,,,,
X,GDP deflator (base year varies by country),,78.21620882,100,105.0475976,111.1461766,115.2120566,119.6374247,124.567892,130.8573521,139.882746,149.5106721,,,,,,,,,,,,,,,,,,,,,,,,,,,,,,,,,,,,,,,,,,,,,
X,Exports as a capacity to import (constant LCU),,2.73E+12,2.89E+12,2.84E+12,3.01E+12,3.35E+12,2.77E+12,3.02E+12,3.91E+12,4.22E+12,3.50E+12,,,,,,,,,,,,,,,,,,,,,,,,,,,,,,,,,,,,,,,,,,,,,
X,"Adjusted net savings, including particulate emission damage (current US$)",,53678142830,75443593239,77109569123,84803301379,1.21E+11,1.32E+11,1.41E+11,,,,,,,,,,,,,,,,,,,,,,,,,,,,,,,,,,,,,,,,,,,,,,,,
X,Adjusted net national income (annual % growth),,5.9499235,6.908403523,4.547738095,9.13676709,14.36010211,4.172254504,7.400798063,,,,,,,,,,,,,,,,,,,,,,,,,,,,,,,,,,,,,,,,,,,,,,,,
X,Adjusted savings: net national savings (current US$),,55831301203,77161387381,79331308185,87428639916,1.25E+11,1.35E+11,1.45E+11,,,,,,,,,,,,,,,,,,,,,,,,,,,,,,,,,,,,,,,,,,,,,,,,
X,Adjusted savings: particulate emission damage (current US$),,1872668308,2365846031,2407487502,2458195241,2505868719,2583111683,2693721184,,,,,,,,,,,,,,,,,,,,,,,,,,,,,,,,,,,,,,,,,,,,,,,,
X,Adjusted savings: mineral depletion (current US$),,0,0,0,0,0,0,0,,,,,,,,,,,,,,,,,,,,,,,,,,,,,,,,,,,,,,,,,,,,,,,,
X,Adjusted savings: net forest depletion (current US$),,408636225.9,479499881.1,402734880.7,227013586.7,251092117.8,299597988.6,312966727.2,,,,,,,,,,,,,,,,,,,,,,,,,,,,,,,,,,,,,,,,,,,,,,,,
X,Adjusted savings: education expenditure (current US$),,3811772830,5055864611,5052190884,5027073863,4920136109,5239773603,5896415883,,,,,,,,,,,,,,,,,,,,,,,,,,,,,,,,,,,,,,,,,,,,,,,,
X,"Services, value added (constant 2015 US$)",,1.05E+11,1.11E+11,1.18E+11,1.26E+11,1.35E+11,1.40E+11,1.48E+11,1.58E+11,1.66E+11,1.74E+11,,,,,,,,,,,,,,,,,,,,,,,,,,,,,,,,,,,,,,,,,,,,,
X,Adequacy of social safety net programs (% of total welfare of beneficiary households),,,2.595349647,,,,,,1.620616102,,,,,,,,,,,,,,,,,,,,,,,,,,,,,,,,,,,,,,,,,,,,,,,
X,Coverage of unemployment benefits and ALMP in 2nd quintile (% of population),,,0.206765038,,,,,,1.979180042,,,,,,,,,,,,,,,,,,,,,,,,,,,,,,,,,,,,,,,,,,,,,,,
X,Adequacy of unemployment benefits and ALMP (% of total welfare of beneficiary households),,,,,,,,,2.774420563,,,,,,,,,,,,,,,,,,,,,,,,,,,,,,,,,,,,,,,,,,,,,,,
X,"PPP conversion factor, private consumption (LCU per international $)",,27.54449829,28.0668085,29.01070595,29.17198181,29.48369026,29.39827156,29.21487999,29.13214845,30.74582311,32.99053929,,,,,,,,,,,,,,,,,,,,,,,,,,,,,,,,,,,,,,,,,,,,,
X,DEC alternative conversion factor (LCU per US$),,77.675052,78.266562,79.13008,82.126758,84.030823,84.776569,84.804834,86.31695,102.667679,111.140585,,,,,,,,,,,,,,,,,,,,,,,,,,,,,,,,,,,,,,,,,,,,,
X,Net secondary income (Net current transfers from abroad) (current US$),,720965079,415107028.7,558118985.9,512926615.2,553975295.5,751316085.9,784577916.9,753594745.9,851592252.3,686697843.1,,,,,,,,,,,,,,,,,,,,,,,,,,,,,,,,,,,,,,,,,,,,,
X,Net primary income (Net income from abroad) (constant LCU),,,,,,,,,,,,,,,,,,,,,,,,,,,,,,,,,,,,,,,,,,,,,,,,,,,,,,,,
X,Gross savings (% of GNI),,34.4918345,35.61185331,34.10759168,34.09556473,34.92309916,35.71073068,34.24849939,32.65575366,33.56472438,32.9748823,,,,,,,,,,,,,,,,,,,,,,,,,,,,,,,,,,,,,,,,,,,,,
X,"GNI per capita, PPP (current international $)",,4440,4790,5050,5710,6290,6920,7830,8790,9510,10060,,,,,,,,,,,,,,,,,,,,,,,,,,,,,,,,,,,,,,,,,,,,,
X,GNI per capita (current LCU),,101278.2095,135131.459,148259.0927,167853.4133,186299.5928,198541.2166,221640.3436,243768.0379,272360.3068,300645.8796,,,,,,,,,,,,,,,,,,,,,,,,,,,,,,,,,,,,,,,,,,,,,
X,GNI (constant LCU),,,2.17E+13,2.29E+13,2.47E+13,2.67E+13,2.76E+13,2.98E+13,3.16E+13,3.34E+13,3.49E+13,,,,,,,,,,,,,,,,,,,,,,,,,,,,,,,,,,,,,,,,,,,,,
X,GNI (current LCU),,1.61E+13,2.17E+13,2.40E+13,2.74E+13,3.07E+13,3.30E+13,3.72E+13,4.13E+13,4.67E+13,5.22E+13,,,,,,,,,,,,,,,,,,,,,,,,,,,,,,,,,,,,,,,,,,,,,
X,Gross domestic savings (% of GDP),,22.15847014,27.27025947,27.06575103,26.4511813,26.88438158,27.07760245,25.3418178,25.22439417,25.75951408,23.95717943,,,,,,,,,,,,,,,,,,,,,,,,,,,,,,,,,,,,,,,,,,,,,
X,Oil rents (% of GDP),,0.051618323,0.031494026,0.046039527,0.061302761,0.040160917,0.016478832,0.031577189,,,,,,,,,,,,,,,,,,,,,,,,,,,,,,,,,,,,,,,,,,,,,,,,
X,GDP per capita growth (annual %),,5.604495397,6.1618156,5.68710307,6.441974947,6.972643998,2.586478166,6.07069417,6.008474629,4.490704094,2.96499838,,,,,,,,,,,,,,,,,,,,,,,,,,,,,,,,,,,,,,,,,,,,,
X,Natural gas rents (% of GDP),,0.628140947,0.490629925,0.509162512,0.50178363,0.516998313,0.457007846,0.490054815,,,,,,,,,,,,,,,,,,,,,,,,,,,,,,,,,,,,,,,,,,,,,,,,
X,GDP growth (annual %),,6.552639878,7.113478213,6.590249998,7.31941263,7.881915151,3.448017551,6.938679124,7.099828776,5.77511237,4.223259113,,,,,,,,,,,,,,,,,,,,,,,,,,,,,,,,,,,,,,,,,,,,,
X,GDP (current US$),,1.95E+11,2.65E+11,2.94E+11,3.21E+11,3.51E+11,3.74E+11,4.16E+11,4.60E+11,4.37E+11,4.50E+11,,,,,,,,,,,,,,,,,,,,,,,,,,,,,,,,,,,,,,,,,,,,,
X,Gross value added at basic prices (GVA) (constant 2015 US$),,1.86E+11,1.99E+11,2.12E+11,2.28E+11,2.46E+11,2.56E+11,2.73E+11,2.93E+11,3.11E+11,3.25E+11,,,,,,,,,,,,,,,,,,,,,,,,,,,,,,,,,,,,,,,,,,,,,
X,Discrepancy in expenditure estimate of GDP (current LCU),,1.04E+11,1.08E+11,1.11E+11,4.73E+11,17469000000,3.66E+11,2.55E+11,4.74E+11,-2.35E+11,-4.44E+11,,,,,,,,,,,,,,,,,,,,,,,,,,,,,,,,,,,,,,,,,,,,,
X,"Inflation, GDP deflator (annual %)",,5.872777041,27.85073772,5.047597582,5.805538767,3.658137552,3.841063386,4.121174707,5.049021879,6.89712404,6.882854606,,,,,,,,,,,,,,,,,,,,,,,,,,,,,,,,,,,,,,,,,,,,,
X,"Adjusted net savings, excluding particulate emission damage (current US$)",,55550811137,77809439271,79517056624,87261496619,1.24E+11,1.34E+11,1.44E+11,,,,,,,,,,,,,,,,,,,,,,,,,,,,,,,,,,,,,,,,,,,,,,,,
X,Adjusted net national income per capita (constant 2015 US$),,1194.180107,1265.33608,1311.671391,1419.811756,1610.013008,1663.218842,1771.811436,,,,,,,,,,,,,,,,,,,,,,,,,,,,,,,,,,,,,,,,,,,,,,,,
X,Adjusted net national income (current US$),,1.90E+11,2.54E+11,2.78E+11,3.06E+11,3.61E+11,3.83E+11,4.30E+11,,,,,,,,,,,,,,,,,,,,,,,,,,,,,,,,,,,,,,,,,,,,,,,,
X,Adjusted savings: natural resources depletion (% of GNI),,0.761525249,0.625475019,0.62447832,0.575874618,0.573818678,0.504155309,0.536223482,,,,,,,,,,,,,,,,,,,,,,,,,,,,,,,,,,,,,,,,,,,,,,,,
X,Adjusted savings: energy depletion (current US$),,1173376785,1257211532,1495035556,1697737368,1846936436,1663475076,2036631102,,,,,,,,,,,,,,,,,,,,,,,,,,,,,,,,,,,,,,,,,,,,,,,,
X,Adjusted savings: consumption of fixed capital (current US$),,15828451671,21718854720,24319557261,26528459996,2900436981,3955876572,5370739514,,,,,,,,,,,,,,,,,,,,,,,,,,,,,,,,,,,,,,,,,,,,,,,,
X,Adjusted savings: carbon dioxide damage (current US$),,2510249885,2671101309,2968672007,3269466204,3700279184,3963991266,4527926059,,,,,,,,,,,,,,,,,,,,,,,,,,,,,,,,,,,,,,,,,,,,,,,,
X,"Services, value added (constant LCU)",,1.00E+13,1.06E+13,1.13E+13,1.20E+13,1.29E+13,1.34E+13,1.42E+13,1.50E+13,1.58E+13,1.67E+13,,,,,,,,,,,,,,,,,,,,,,,,,,,,,,,,,,,,,,,,,,,,,
X,"Services, value added (current US$)",,1.05E+11,1.36E+11,1.51E+11,1.64E+11,1.79E+11,1.93E+11,2.14E+11,2.35E+11,2.24E+11,2.31E+11,,,,,,,,,,,,,,,,,,,,,,,,,,,,,,,,,,,,,,,,,,,,,
X,Other manufacturing (% of value added in manufacturing),,,,,21.11657038,,21.06196733,,,,,,,,,,,,,,,,,,,,,,,,,,,,,,,,,,,,,,,,,,,,,,,,,
X,"Industry (including construction), value added (% of GDP)",,26.83139483,31.06915138,31.24829196,31.98281359,32.8525492,32.91156508,33.31609439,33.9200805,34.59427216,34.09717435,,,,,,,,,,,,,,,,,,,,,,,,,,,,,,,,,,,,,,,,,,,,,
X,"Industry (including construction), value added (current LCU)",,4.07E+12,6.45E+12,7.26E+12,8.44E+12,9.70E+12,1.04E+13,1.18E+13,1.35E+13,1.55E+13,1.71E+13,,,,,,,,,,,,,,,,,,,,,,,,,,,,,,,,,,,,,,,,,,,,,
X,"Manufacturing, value added (annual % growth)",,10.31057687,11.6908152,7.086439687,10.45244155,12.33450681,1.68080104,11.58513879,11.41082771,8.894193971,3.156557969,,,,,,,,,,,,,,,,,,,,,,,,,,,,,,,,,,,,,,,,,,,,,
X,CPIA gender equality rating (1=low to 6=high),,3.5,3.5,3,3,3,3,3,3,3.5,3.5,,,,,,,,,,,,,,,,,,,,,,,,,,,,,,,,,,,,,,,,,,,,,
X,CPIA policy and institutions for environmental sustainability rating (1=low to 6=high),,3,3,3,3,3,3,3,3,3,3,,,,,,,,,,,,,,,,,,,,,,,,,,,,,,,,,,,,,,,,,,,,,
X,"Trademark applications, resident, by count",,9322,8580,9247,7960,8043,9782,10831,,,,,,,,,,,,,,,,,,,,,,,,,,,,,,,,,,,,,,,,,,,,,,,,
X,Scientific and technical journal articles,,2182.74,2590.98,3126.85,3182.44,5204.89,5121.48,7551.78,7056.17,,,,,,,,,,,,,,,,,,,,,,,,,,,,,,,,,,,,,,,,,,,,,,,
X,Public private partnerships investment in transport (current US$),,,,179580000,,909260000,1240000000,,377530000,261000000,,,,,,,,,,,,,,,,,,,,,,,,,,,,,,,,,,,,,,,,,,,,,,
X,Investment in transport with private participation (current US$),,,,179580000,,909260000,1240000000,,377530000,261000000,,,,,,,,,,,,,,,,,,,,,,,,,,,,,,,,,,,,,,,,,,,,,,
X,Firms expected to give gifts in meetings with tax officials (% of firms),,,,,,,,,19.3446312,,,,,,,,,,,,,,,,,,,,,,,,,,,,,,,,,,,,,,,,,,,,,,,
X,Firms filling taxes electronically (% of firms),,,,,,,,,20.04969978,,,,,,,,,,,,,,,,,,,,,,,,,,,,,,,,,,,,,,,,,,,,,,,
X,Firms where largest owner is also the top manager (% of firms),,,,,,,,,89.71309662,,,,,,,,,,,,,,,,,,,,,,,,,,,,,,,,,,,,,,,,,,,,,,,
X,Firms with female top manager (% of firms),,,,,,,,,3.590550184,,,,,,,,,,,,,,,,,,,,,,,,,,,,,,,,,,,,,,,,,,,,,,,
X,Firms that are partially credit constrained (% of firms),,,,,,,,,22.1235218,,,,,,,,,,,,,,,,,,,,,,,,,,,,,,,,,,,,,,,,,,,,,,,
X,Firms competing against unregistered firms (% of firms),,,,,,,,,36.52962112,,,,,,,,,,,,,,,,,,,,,,,,,,,,,,,,,,,,,,,,,,,,,,,
X,Firms with a bank loan/line of credit (% of firms),,,,,,,,,42.51483917,,,,,,,,,,,,,,,,,,,,,,,,,,,,,,,,,,,,,,,,,,,,,,,
X,Average time to clear imports through customs (days),,,,,,,,,14.83871937,,,,,,,,,,,,,,,,,,,,,,,,,,,,,,,,,,,,,,,,,,,,,,,
X,B-READY: Utility Services Pillar 3: Operational Efficiency of Utility Service Provision,,,,,,,,,,,83.20833588,,,,,,,,,,,,,,,,,,,,,,,,,,,,,,,,,,,,,,,,,,,,,
X,B-READY: Taxation Pillar 3: Operational Efficiency of Tax Systems in Practice,,,,,,,,,,,76.25,,,,,,,,,,,,,,,,,,,,,,,,,,,,,,,,,,,,,,,,,,,,,
X,B-READY: Pillar 3: Operational Efficiency,,,,,,,,,,,70.49472184,,,,,,,,,,,,,,,,,,,,,,,,,,,,,,,,,,,,,,,,,,,,,
X,B-READY: Market Competition Pillar 2: Public Services that Promote Market Competition,,,,,,,,,,,43.4611986,,,,,,,,,,,,,,,,,,,,,,,,,,,,,,,,,,,,,,,,,,,,,
X,B-READY: Labor Pillar 2: Adequacy of Public Services for Labor,,,,,,,,,,,41.66666667,,,,,,,,,,,,,,,,,,,,,,,,,,,,,,,,,,,,,,,,,,,,,
X,B-READY: International Trade Pillar 2: Quality of Public Services for the Facilitation of International Trade,,,,,,,,,,,29.52380956,,,,,,,,,,,,,,,,,,,,,,,,,,,,,,,,,,,,,,,,,,,,,
X,B-READY: Financial Services Pillar 2: Accessibility of Information in Credit Infrastructure,,,,,,,,,,,48.19444382,,,,,,,,,,,,,,,,,,,,,,,,,,,,,,,,,,,,,,,,,,,,,
X,B-READY: Dispute Resolution Pillar 2: Public Services for Dispute Resolution,,,,,,,,,,,16.8796196,,,,,,,,,,,,,,,,,,,,,,,,,,,,,,,,,,,,,,,,,,,,,
X,B-READY: Business Location Pillar 2: Quality of Public Services and Transparency of Information for Business Location,,,,,,,,,,,63.4472228,,,,,,,,,,,,,,,,,,,,,,,,,,,,,,,,,,,,,,,,,,,,,
X,B-READY: Business Insolvency Pillar 2: Quality of Institutional and Operational Infrastructure for Judicial Insolvency Proceedings,,,,,,,,,,,18.33333,,,,,,,,,,,,,,,,,,,,,,,,,,,,,,,,,,,,,,,,,,,,,
X,B-READY: Business Entry Pillar 2: Digital Public Services and Transparency of Information for Business Entry,,,,,,,,,,,56.49999952,,,,,,,,,,,,,,,,,,,,,,,,,,,,,,,,,,,,,,,,,,,,,
X,"Human capital index plus (HCI+): overall score, male (scale 0–325)",,154.3073694,,,,,162.6724858,,,,,168.2051944,,,,,,,,,,,,,,,,,,,,,,,,,,,,,,,,,,,,,,,,,,,,
X,"Human capital index plus (HCI+): on-the-job learning pillar score, female (scale -30–87)",,2.243440389,,,,,2.63970467,,,,,5.729419336,,,,,,,,,,,,,,,,,,,,,,,,,,,,,,,,,,,,,,,,,,,,
X,"Human capital index plus (HCI+): education pillar score, total (scale 0–188)",,63.92978369,,,,,70.8887435,,,,,77.46096546,,,,,,,,,,,,,,,,,,,,,,,,,,,,,,,,,,,,,,,,,,,,
X,Government Effectiveness: Standard Error,,0.212165803,0.203128204,0.202360302,0.211057886,0.218874484,0.240058839,0.243820667,0.246022239,0.25278005,,,,,,,,,,,,,,,,,,,,,,,,,,,,,,,,,,,,,,,,,,,,,,
X,Government Effectiveness: Number of Sources,,10,10,10,10,10,9,9,9,10,,,,,,,,,,,,,,,,,,,,,,,,,,,,,,,,,,,,,,,,,,,,,,
X,Expense (% of GDP),,9.00588487,7.862768135,7.639874368,7.494145018,8.272315877,8.148320246,8.324251342,,,,,,,,,,,,,,,,,,,,,,,,,,,,,,,,,,,,,,,,,,,,,,,,
X,Interest payments (% of expense),,22.6898909,20.25401766,19.8937289,21.13999418,20.51608996,22.57103043,24.03083096,,,,,,,,,,,,,,,,,,,,,,,,,,,,,,,,,,,,,,,,,,,,,,,,
X,Goods and services expense (current LCU),,2.00E+11,2.25E+11,2.44E+11,3.12E+11,4.15E+11,3.98E+11,4.34E+11,,,,,,,,,,,,,,,,,,,,,,,,,,,,,,,,,,,,,,,,,,,,,,,,
X,"Taxes on income, profits and capital gains (% of revenue)",,26.85535758,25.17086572,24.33321825,26.00268979,25.44480344,27.27898458,25.75984839,,,,,,,,,,,,,,,,,,,,,,,,,,,,,,,,,,,,,,,,,,,,,,,,
X,Other taxes (% of revenue),,3.085108773,2.838827839,2.476253425,2.44854335,2.133768326,1.555952382,1.277869295,,,,,,,,,,,,,,,,,,,,,,,,,,,,,,,,,,,,,,,,,,,,,,,,
X,Customs and other import duties (% of tax revenue),,27.92571175,28.92300805,11.74293321,11.28382665,10.77057935,10.68599025,11.70976102,,,,,,,,,,,,,,,,,,,,,,,,,,,,,,,,,,,,,,,,,,,,,,,,
X,Taxes on goods and services (current LCU),,4.74E+11,5.78E+11,9.29E+11,1.15E+12,1.28E+12,1.18E+12,1.47E+12,,,,,,,,,,,,,,,,,,,,,,,,,,,,,,,,,,,,,,,,,,,,,,,,
X,"Revenue, excluding grants (current LCU)",,1.49E+12,1.77E+12,1.88E+12,2.30E+12,2.61E+12,2.74E+12,3.37E+12,,,,,,,,,,,,,,,,,,,,,,,,,,,,,,,,,,,,,,,,,,,,,,,,
X,Energy intensity level of primary energy (MJ/$2021 PPP GDP),,2.17,2.2,2.12,1.96,1.95,1.9,1.93,,,,,,,,,,,,,,,,,,,,,,,,,,,,,,,,,,,,,,,,,,,,,,,,
X,Multilateral debt service (% of public and publicly guaranteed debt service),,62.05234862,71.18706209,69.84911854,64.31662375,64.79443928,64.26920314,54.45691679,55.09202479,51.37691403,53.05646379,,,,,,,,,,,,,,,,,,,,,,,,,,,,,,,,,,,,,,,,,,,,,
X,"Debt service on external debt, public and publicly guaranteed (PPG) (TDS, current US$)",,1295351569,1228505952,1487362465,1708275874,1906617305,2014023225,2778837175,3401736185,4425171149,5107969957,,,,,,,,,,,,,,,,,,,,,,,,,,,,,,,,,,,,,,,,,,,,,
X,"Total debt service (% of exports of goods, services and primary income)",,5.001059616,4.92101274,5.799034299,6.795393733,13.14455259,10.45921111,11.44175596,11.23921622,12.59397994,15.76583012,,,,,,,,,,,,,,,,,,,,,,,,,,,,,,,,,,,,,,,,,,,,,
X,"Net ODA received (% of imports of goods, services and primary income)",,5.368604237,4.971331424,6.380779182,4.496763916,6.54499979,8.98506283,5.780170291,5.374069058,7.333830803,,,,,,,,,,,,,,,,,,,,,,,,,,,,,,,,,,,,,,,,,,,,,,
X,Net official development assistance received (current US$),,2592908447,2532818359,3781766846,3044762207,4382779785,5376224609,5090641602,5204791992,5683857422,,,,,,,,,,,,,,,,,,,,,,,,,,,,,,,,,,,,,,,,,,,,,,
X,Net official development assistance and official aid received (current US$),,2592908447,2532818359,3781766846,3044762207,4382779785,5376224609,5090641602,5204791992,5683857422,,,,,,,,,,,,,,,,,,,,,,,,,,,,,,,,,,,,,,,,,,,,,,
X,"Net official flows from UN agencies, UNWTO (current US$)",,,,,,,,,,,,,,,,,,,,,,,,,,,,,,,,,,,,,,,,,,,,,,,,,,,,,,,,
X,"Net official flows from UN agencies, UNPBF (current US$)",,,,,,,,,,,,,,,,,,,,,,,,,,,,,,,,,,,,,,,,,,,,,,,,,,,,,,,,
X,"Net official flows from UN agencies, UNEP (current US$)",,,,,,,,,,,,,,,,,,,,,,,,,,,,,,,,,,,,,,,,,,,,,,,,,,,,,,,,
X,"Net official flows from UN agencies, UNCTAD (current US$)",,,,,,,,,,,,,,,,,,,,,,,,,,,,,,,,,,,,,,,,,,,,,,,,,,,,,,,,
X,"Net official flows from UN agencies, UNAIDS (current US$)",,500461.9956,216235.9953,130700.0071,55091.00109,168669.9986,,,3500.000108,14325.00035,,,,,,,,,,,,,,,,,,,,,,,,,,,,,,,,,,,,,,,,,,,,,,
X,"Net financial flows, RDB concessional (NFL, current US$)",,97214000,99869000,69180000,168670000,28454000,302420000,345460000,68400000,515833000,368003000,,,,,,,,,,,,,,,,,,,,,,,,,,,,,,,,,,,,,,,,,,,,,
X,"PNG, bonds (NFL, current US$)",,,,,,,,,,,,,,,,,,,,,,,,,,,,,,,,,,,,,,,,,,,,,,,,,,,,,,,,
X,"PPG, official creditors (NFL, US$)",,1283992302,2196342573,3757225783,5827434444,4825818089,6460295865,7012532924,8258900814,7363203001,6602232569,,,,,,,,,,,,,,,,,,,,,,,,,,,,,,,,,,,,,,,,,,,,,
X,"Net financial flows, IDA (NFL, current US$)",,599353000,715559000,1020424000,1218515000,1387295000,1100721000,782749000,1277834000,1412170000,1542706000,,,,,,,,,,,,,,,,,,,,,,,,,,,,,,,,,,,,,,,,,,,,,
X,"Net bilateral aid flows from DAC donors, Switzerland (current US$)",,37437423.71,31175199.51,38858455.66,44550361.63,39170433.04,36079578.4,42106941.22,40029602.05,37912803.65,,,,,,,,,,,,,,,,,,,,,,,,,,,,,,,,,,,,,,,,,,,,,,
X,"Net bilateral aid flows from DAC donors, Austria (current US$)",,831201.0169,892297.9832,1573439.002,1262156.01,2016724.11,1456856.966,6093399.048,25193580.63,2763921.022,,,,,,,,,,,,,,,,,,,,,,,,,,,,,,,,,,,,,,,,,,,,,,
X,"Stocks traded, total value (current US$)",,13612290000,15320840000,26503040000,16142130000,13126870000,15808310000,42086540000,23161230000,13326360000,12784490000,,,,,,,,,,,,,,,,,,,,,,,,,,,,,,,,,,,,,,,,,,,,,
X,S&P Global Equity Indices (annual % change),,-5.376249413,7.38073241,22.45452695,-18.18065352,-18.18466098,23.54975179,20.58856747,-25.10652322,,,,,,,,,,,,,,,,,,,,,,,,,,,,,,,,,,,,,,,,,,,,,,,
X,Control of Corruption: Percentile Rank,,21.90476227,18.5714283,18.5714283,17.1428566,16.19047546,17.1428566,18.09523773,15.56603813,14.62264156,,,,,,,,,,,,,,,,,,,,,,,,,,,,,,,,,,,,,,,,,,,,,,
X,"Personal remittances, received (current US$)",,15295536095,13574285886,13501933033,15566241930,18363859531,21751646479,22205503377,21505473781,22070041063,27524564109,,,,,,,,,,,,,,,,,,,,,,,,,,,,,,,,,,,,,,,,,,,,,
X,"Foreign direct investment, net inflows (% of GDP)",,1.450782455,0.87952834,0.616341785,0.753549134,0.543244142,0.407859895,0.414118154,0.347960025,0.339361233,0.292042785,,,,,,,,,,,,,,,,,,,,,,,,,,,,,,,,,,,,,,,,,,,,,
X,"Exports of goods, services and primary income (BoP, current US$)",,35107953649,37756801961,39281430149,44518232860,45143332662,38693585663,49625878882,60494519966,59346626777,55234026095,,,,,,,,,,,,,,,,,,,,,,,,,,,,,,,,,,,,,,,,,,,,,
X,"Insurance and financial services (% of service exports, BoP)",,2.199670432,2.537341941,3.718455661,2.050557553,2.373198263,1.686081478,1.788740538,2.412547877,3.472050859,2.700894053,,,,,,,,,,,,,,,,,,,,,,,,,,,,,,,,,,,,,,,,,,,,,
X,"ICT service exports (% of service exports, BoP)",,14.90126854,17.60652242,13.63925231,10.79377495,8.23176947,6.729148955,8.274754537,8.75859756,9.982228206,9.407397028,,,,,,,,,,,,,,,,,,,,,,,,,,,,,,,,,,,,,,,,,,,,,
X,"Net capital account (BoP, current US$)",,442203573.5,427376864.1,292955563.8,264165029.4,227998418.6,213456649.7,273432753.4,229558626.6,483127887.1,617645632.8,,,,,,,,,,,,,,,,,,,,,,,,,,,,,,,,,,,,,,,,,,,,,
X,"Foreign direct investment, net (BoP, current US$)",,-2771250741,-2292208318,-1683653529,-2402416194,-1884983625,-1520504559,-1640672069,-1603289893,-1387217991,-1490869085,,,,,,,,,,,,,,,,,,,,,,,,,,,,,,,,,,,,,,,,,,,,,
X,"Net primary income (BoP, current US$)",,-2583175131,-2686386826,-2392186083,-1734671971,-2547849494,-2841165938,-2436704214,-2787099503,-3867656807,-4858964646,,,,,,,,,,,,,,,,,,,,,,,,,,,,,,,,,,,,,,,,,,,,,
X,"Personal remittances, paid (current US$)",,32102746.72,41213540.69,46838244.51,56932184.62,82792588.33,94827814.18,100464837,135240485.6,148789192,165689379.1,,,,,,,,,,,,,,,,,,,,,,,,,,,,,,,,,,,,,,,,,,,,,
X,"Travel services (% of service imports, BoP)",,5.532649862,6.199382271,7.095135019,7.853367985,9.624352095,4.97306857,5.786605363,10.8772084,15.27017417,13.30952018,,,,,,,,,,,,,,,,,,,,,,,,,,,,,,,,,,,,,,,,,,,,,
X,"Service imports (BoP, current US$)",,7719476306,7801989800,8498343985,9619170020,9557782797,7926619917,10866010473,12189895437,11013742839,12285858577,,,,,,,,,,,,,,,,,,,,,,,,,,,,,,,,,,,,,,,,,,,,,
X,"Primary income payments (BoP, current US$)",,2721872687,2780513105,2503181228,2124865848,2730142025,3058778941,2772083053,3215120921,4329625052,5350927185,,,,,,,,,,,,,,,,,,,,,,,,,,,,,,,,,,,,,,,,,,,,,
X,Surface area (sq. km),,147630,147630,147977,147570,147570,147570,147570,147570,147570,,,,,,,,,,,,,,,,,,,,,,,,,,,,,,,,,,,,,,,,,,,,,,
X,Cereal production (metric tons),,55438379,54262297,58495624,58816519.33,59185501.11,59962356.15,61597969.2,62549531.82,64325662.39,,,,,,,,,,,,,,,,,,,,,,,,,,,,,,,,,,,,,,,,,,,,,,
X,Average precipitation in depth (mm per year),,2666,2666,2666,2666,2666,2666,2666,2666,,,,,,,,,,,,,,,,,,,,,,,,,,,,,,,,,,,,,,,,,,,,,,,
X,Land area where elevation is below 5 meters (% of total land area),,15.86615036,,,,,,,,,,,,,,,,,,,,,,,,,,,,,,,,,,,,,,,,,,,,,,,,,,,,,,
X,Rural land area where elevation is below 5 meters (sq. km),,14600.86439,,,,,,,,,,,,,,,,,,,,,,,,,,,,,,,,,,,,,,,,,,,,,,,,,,,,,,
X,Arable land (hectares per person),,0.048701752,0.048467859,0.048014767,0.047530287,0.047643287,0.047444941,0.046965011,0.046743837,0.0459587,,,,,,,,,,,,,,,,,,,,,,,,,,,,,,,,,,,,,,,,,,,,,,
X,Fertilizer consumption (kilograms per hectare of arable land),,297.8109412,288.2883576,302.54272,318.4668631,320.4454626,325.3865653,395.7201458,388.9412329,391.8881021,,,,,,,,,,,,,,,,,,,,,,,,,,,,,,,,,,,,,,,,,,,,,,
X,Other people in need of international protection by country or territory of origin,,,,,,,,,,,,,,,,,,,,,,,,,,,,,,,,,,,,,,,,,,,,,,,,,,,,,,,,
X,Forcibly displaced people,,657954,702203,1364324,1332679,1280813,1292552,1344955,1378408,1397984,1590637,,,,,,,,,,,,,,,,,,,,,,,,,,,,,,,,,,,,,,,,,,,,,
X,"Children in employment, wage workers, male (% of male children in employment, ages 7-14)",,,,,,,,,,,,,,,,,,,,,,,,,,,,,,,,,,,,,,,,,,,,,,,,,,,,,,,,
X,"Unemployment, male (% of male labor force) (modeled ILO estimate)",,3.11,3.067,3.289,3.528,3.776,5.066,5.183,4.423,3.415,3.733,3.832,,,,,,,,,,,,,,,,,,,,,,,,,,,,,,,,,,,,,,,,,,,,
X,"Share of youth not in education, employment or training, total (% of youth population)",,,28.88,27.386,,,,,14.958,14.338,15.431,,,,,,,,,,,,,,,,,,,,,,,,,,,,,,,,,,,,,,,,,,,,,
X,"Share of youth not in education, employment or training, female (% of female youth population)",,,46.99,44.55,,,,,19.131,18.804,19.727,,,,,,,,,,,,,,,,,,,,,,,,,,,,,,,,,,,,,,,,,,,,,
X,"Unemployment with intermediate education, female (% of female labor force with intermediate education)",,,16.2,17.539,,,,,7.614,3.345,3.588,,,,,,,,,,,,,,,,,,,,,,,,,,,,,,,,,,,,,,,,,,,,,
X,Unemployment with advanced education (% of total labor force with advanced education),,,9.03,10.736,,,,,11.777,10.798,10.853,,,,,,,,,,,,,,,,,,,,,,,,,,,,,,,,,,,,,,,,,,,,,
X,"Unemployment, youth total (% of total labor force ages 15-24) (national estimate)",,,11.37,12.763,,,,,11.468,8.239,9.634,,,,,,,,,,,,,,,,,,,,,,,,,,,,,,,,,,,,,,,,,,,,,
X,"Unemployment, youth female (% of female labor force ages 15-24) (national estimate)",,,14.08,16.797,,,,,7.894,4.721,5.023,,,,,,,,,,,,,,,,,,,,,,,,,,,,,,,,,,,,,,,,,,,,,
X,"Part time employment, male (% of total male employment)",,,9.82,11.21,,,,,13.16,10.64,9.32,,,,,,,,,,,,,,,,,,,,,,,,,,,,,,,,,,,,,,,,,,,,,
X,"Labor force with intermediate education, female (% of female working-age population with intermediate education)",,,28.35,28.157,,,,,46.147,46.26,41.988,,,,,,,,,,,,,,,,,,,,,,,,,,,,,,,,,,,,,,,,,,,,,
X,"Labor force participation rate, male (% of male population ages 15+) (national estimate)",,,79.4,80.674,,,,,80.765,80.661,79.964,,,,,,,,,,,,,,,,,,,,,,,,,,,,,,,,,,,,,,,,,,,,,
X,"Labor force participation rate, female (% of female population ages 15+) (national estimate)",,,33.19,36.346,,,,,43.354,41.541,38.406,,,,,,,,,,,,,,,,,,,,,,,,,,,,,,,,,,,,,,,,,,,,,
X,Labor force with advanced education (% of total working-age population with advanced education),,,77.52,79.638,,,,,78.087,77.05,74.856,,,,,,,,,,,,,,,,,,,,,,,,,,,,,,,,,,,,,,,,,,,,,
X,"Labor force participation rate, male (% of male population ages 15-64) (modeled ILO estimate)",,82.55,81.855,83.59,83.271,83.03,82.601,83.399,83.601,83.519,82.746,82.615,,,,,,,,,,,,,,,,,,,,,,,,,,,,,,,,,,,,,,,,,,,,
X,"Labor force participation rate for ages 15-24, male (%) (modeled ILO estimate)",,52.91,52.486,54.411,54.301,54.027,54.338,55.201,55.296,54.436,50.108,50.283,,,,,,,,,,,,,,,,,,,,,,,,,,,,,,,,,,,,,,,,,,,,
X,"Children in employment, total (% of children ages 7-14)",,,,,,,,,,,,,,,,,,,,,,,,,,,,,,,,,,,,,,,,,,,,,,,,,,,,,,,,
X,"Average working hours of children, working only, male, ages 7-14 (hours per week)",,,,,,,,,,,,,,,,,,,,,,,,,,,,,,,,,,,,,,,,,,,,,,,,,,,,,,,,
X,"Average working hours of children, study and work, ages 7-14 (hours per week)",,,,,,,,,,,,,,,,,,,,,,,,,,,,,,,,,,,,,,,,,,,,,,,,,,,,,,,,
X,"Average working hours of children, study and work, female, ages 7-14 (hours per week)",,,,,,,,,,,,,,,,,,,,,,,,,,,,,,,,,,,,,,,,,,,,,,,,,,,,,,,,
X,"Employment in services, male (% of male employment) (modeled ILO estimate)",,42.09617551,43.71447293,46.14682879,47.08607386,48.02057272,47.97492272,48.72953568,49.72889024,48.6869341,48.39914036,48.73926592,,,,,,,,,,,,,,,,,,,,,,,,,,,,,,,,,,,,,,,,,,,,
X,"Child employment in services, female (% of female economically active children ages 7-14)",,,,,,,,,,,,,,,,,,,,,,,,,,,,,,,,,,,,,,,,,,,,,,,,,,,,,,,,
X,Child employment in manufacturing (% of economically active children ages 7-14),,,,,,,,,,,,,,,,,,,,,,,,,,,,,,,,,,,,,,,,,,,,,,,,,,,,,,,,
X,"Employment in industry, male (% of male employment) (modeled ILO estimate)",,21.3388485,22.31497697,22.02699516,22.23061618,22.50497215,22.12045078,22.0495941,22.21004734,22.35326891,22.49528825,22.70559534,,,,,,,,,,,,,,,,,,,,,,,,,,,,,,,,,,,,,,,,,,,,
X,"Contributing family workers, male (% of male employment) (modeled ILO estimate)",,5.142417322,4.695159056,4.084733304,3.864644967,3.625393874,3.764753793,3.694920447,3.420756072,3.088567042,2.940871753,2.71086627,,,,,,,,,,,,,,,,,,,,,,,,,,,,,,,,,,,,,,,,,,,,
X,"Children in employment, unpaid family workers, female (% of female children in employment, ages 7-14)",,,,,,,,,,,,,,,,,,,,,,,,,,,,,,,,,,,,,,,,,,,,,,,,,,,,,,,,
X,"Vulnerable employment, total (% of total employment) (modeled ILO estimate)",,57.90296198,57.03567467,56.18062759,56.29300508,56.38837879,57.4001952,57.71384006,57.84038066,58.17753978,57.73824919,57.34828857,,,,,,,,,,,,,,,,,,,,,,,,,,,,,,,,,,,,,,,,,,,,
X,"Employment to population ratio, 15+, total (%) (national estimate)",,,56.09,55.778,,,,,59.03,58.845,56.762,,,,,,,,,,,,,,,,,,,,,,,,,,,,,,,,,,,,,,,,,,,,,
X,"Employment to population ratio, 15+, female (%) (national estimate)",,,33.19,33.917,,,,,41.232,40.197,37.084,,,,,,,,,,,,,,,,,,,,,,,,,,,,,,,,,,,,,,,,,,,,,
X,"Self-employed, female (% of female employment) (modeled ILO estimate)",,72.85908347,70.84109159,68.40216879,67.36759491,66.43513757,66.55224493,66.21201788,66.04855868,66.1308629,65.77747468,65.2955398,,,,,,,,,,,,,,,,,,,,,,,,,,,,,,,,,,,,,,,,,,,,
X,"Employment to population ratio, ages 15-24, total (%) (modeled ILO estimate)",,36.196,33.872,35.572,37.562,39.354,40.739,43.954,46.91,47.452,43.876,43.842,,,,,,,,,,,,,,,,,,,,,,,,,,,,,,,,,,,,,,,,,,,,
X,"Employment to population ratio, ages 15-24, female (%) (modeled ILO estimate)",,24.476,20.178,22.316,27.075,31.496,35.562,41.426,46.467,46.566,44.235,44.061,,,,,,,,,,,,,,,,,,,,,,,,,,,,,,,,,,,,,,,,,,,,
X,"Employment in agriculture, female (% of female employment) (modeled ILO estimate)",,60.12272755,63.08729961,59.51518176,61.52885576,63.27016709,66.52398437,69.31833748,70.89845305,74.96934579,74.94889079,74.67053829,,,,,,,,,,,,,,,,,,,,,,,,,,,,,,,,,,,,,,,,,,,,
X,Prosperity gap (average shortfall from a prosperity standard of $28/day),,,6.8,,,,,,5,,,,,,,,,,,,,,,,,,,,,,,,,,,,,,,,,,,,,,,,,,,,,,,
X,"Survey mean consumption or income per capita, bottom 40% of population (2021 PPP $ per day)",,,2.96,,,,,,,,,,,,,,,,,,,,,,,,,,,,,,,,,,,,,,,,,,,,,,,,,,,,,
X,Poverty headcount ratio at $8.30 a day (2021 PPP) (% of population),,,85.7,,,,,,71.5,,,,,,,,,,,,,,,,,,,,,,,,,,,,,,,,,,,,,,,,,,,,,,,
X,Multidimensional poverty headcount ratio (UNDP) (% of population),,,,,,,,,14.9,,,,,,,,,,,,,,,,,,,,,,,,,,,,,,,,,,,,,,,,,,,,,,,
X,Poverty gap at $3.00 a day (2021 PPP) (%),,,3.8,,,,,,1,,,,,,,,,,,,,,,,,,,,,,,,,,,,,,,,,,,,,,,,,,,,,,,
X,Proportion of people living below 50 percent of median income (%),,,6.2,,,,,,6.8,,,,,,,,,,,,,,,,,,,,,,,,,,,,,,,,,,,,,,,,,,,,,,,
X,Income share held by third 20%,,,16.1,,,,,,16.5,,,,,,,,,,,,,,,,,,,,,,,,,,,,,,,,,,,,,,,,,,,,,,,
X,UHC service coverage sub-index on infectious diseases,,50,52,54,56,58,60,62,64,66,,,,,,,,,,,,,,,,,,,,,,,,,,,,,,,,,,,,,,,,,,,,,,
X,Proportion of population facing large (but non-impoverishing) out-of-pocket health expenditure (%),,,11.38,,,,,,14.13,,,,,,,,,,,,,,,,,,,,,,,,,,,,,,,,,,,,,,,,,,,,,,,
X,"Domestic private health expenditure per capita, PPP (current international $)",,71.89767195,80.89332537,84.05278853,93.08443017,101.9079946,115.4200548,132.825998,151.5004576,162.8203799,,,,,,,,,,,,,,,,,,,,,,,,,,,,,,,,,,,,,,,,,,,,,,
X,Out-of-pocket expenditure per capita (current US$),,24.13644411,28.10214309,29.56038338,31.65637831,34.47037958,37.74562899,42.71602196,44.30810619,42.40101411,,,,,,,,,,,,,,,,,,,,,,,,,,,,,,,,,,,,,,,,,,,,,,
X,Domestic general government health expenditure (% of general government expenditure),,3.37688875,4.09935808,4.10705233,3.75035429,2.66421318,2.67329168,3.00425434,2.623276,2.47161961,,,,,,,,,,,,,,,,,,,,,,,,,,,,,,,,,,,,,,,,,,,,,,
X,External health expenditure per capita (current US$),,2.58485023,2.42237904,2.55172675,2.61166499,1.71304305,1.99206773,2.31839577,2.0631424,1.8711075,,,,,,,,,,,,,,,,,,,,,,,,,,,,,,,,,,,,,,,,,,,,,,
X,Current health expenditure (% of GDP),,2.27217698,2.38938212,2.36720181,2.31622243,2.12712646,2.18254924,2.26678729,2.21544909,2.17014575,,,,,,,,,,,,,,,,,,,,,,,,,,,,,,,,,,,,,,,,,,,,,,
X,Tuberculosis treatment success rate (% of new cases),,93,94,94,94,95,95,97,95,96,,,,,,,,,,,,,,,,,,,,,,,,,,,,,,,,,,,,,,,,,,,,,,
X,"Prevalence of wasting, weight for height (% of children under 5)",,10,,,8.4,9.8,,,10.7,,,,,,,,,,,,,,,,,,,,,,,,,,,,,,,,,,,,,,,,,,,,,,,
X,"Mortality caused by road traffic injury (per 100,000 population)",,15.8,15.8,15.6,15.5,15.3,,,,,,,,,,,,,,,,,,,,,,,,,,,,,,,,,,,,,,,,,,,,,,,,,,
X,"Current education expenditure, tertiary (% of total expenditure in tertiary public institutions)",,,91.86730194,,,81.04794312,81.19068909,,,,,,,,,,,,,,,,,,,,,,,,,,,,,,,,,,,,,,,,,,,,,,,,,
X,"School enrollment, tertiary, male (% gross)",,18.35395692,20.72690546,22.01945196,23.61370957,27.71980319,26.78342434,28.34656852,27.8530147,28.0307561,26.95160197,,,,,,,,,,,,,,,,,,,,,,,,,,,,,,,,,,,,,,,,,,,,,
X,"Educational attainment, at least completed short-cycle tertiary, population 25+, total (%) (cumulative)",,8.569999695,8.850000381,9.329999924,9.729999542,10.14000034,,10.27000046,8.158181456,8.076938976,,,,,,,,,,,,,,,,,,,,,,,,,,,,,,,,,,,,,,,,,,,,,,
X,"Educational attainment, at least Master's or equivalent, population 25+, male (%) (cumulative)",,4.570000172,4.739999771,5.150000095,5.440000057,5.699999809,,4.46999979,5.002627651,4.846564504,,,,,,,,,,,,,,,,,,,,,,,,,,,,,,,,,,,,,,,,,,,,,,
X,"Educational attainment, Doctoral or equivalent, population 25+, female (%) (cumulative)",,0.100000001,0.109999999,0.119999997,0.129999995,0.140000001,0.170000002,0.01,0.030682472,0.019374151,,,,,,,,,,,,,,,,,,,,,,,,,,,,,,,,,,,,,,,,,,,,,,
X,Adolescents out of school (% of lower secondary school age),,,,10.72751219,11.04755657,,,18.14218615,24.73004955,23.63982773,23.94331102,,,,,,,,,,,,,,,,,,,,,,,,,,,,,,,,,,,,,,,,,,,,,
X,"Secondary education, teachers, female",,,97620.57786,99194.09111,101344,,127482,115241,149499,149371,163967,,,,,,,,,,,,,,,,,,,,,,,,,,,,,,,,,,,,,,,,,,,,,
X,"Trained teachers in upper secondary education, male (% of male teachers)",,,55.78641855,,,,57.4801898,58.48656813,58.59946289,59.38418189,61.90984743,,,,,,,,,,,,,,,,,,,,,,,,,,,,,,,,,,,,,,,,,,,,,
X,"Trained teachers in lower secondary education, male (% of male teachers)",,,,,,,61.54968145,67.08778969,67.08752719,67.99948967,61.44007103,,,,,,,,,,,,,,,,,,,,,,,,,,,,,,,,,,,,,,,,,,,,,
X,"Progression to secondary school, male (%)",,,,,,,,,,,,,,,,,,,,,,,,,,,,,,,,,,,,,,,,,,,,,,,,,,,,,,,,
X,"School enrollment, secondary, female (% net)",,63.11644,68.92778,68.87605,72.27917,,,,,,,,,,,,,,,,,,,,,,,,,,,,,,,,,,,,,,,,,,,,,,,,,,,
X,"School enrollment, secondary (% gross)",,59.42174149,64.16645461,62.34086392,65.27148888,65.11854135,66.43295485,66.82823186,67.03845864,65.98565986,64.2997191,,,,,,,,,,,,,,,,,,,,,,,,,,,,,,,,,,,,,,,,,,,,,
X,"Pupil-teacher ratio, secondary",,,36.192,33.98251,35.09524,,,,,,,,,,,,,,,,,,,,,,,,,,,,,,,,,,,,,,,,,,,,,,,,,,,
X,"Secondary education, pupils (% female)",,51.89476,51.36834,52.80007,52.63983,,,,,,,,,,,,,,,,,,,,,,,,,,,,,,,,,,,,,,,,,,,,,,,,,,,
X,"Educational attainment, at least completed upper secondary, population 25+, male (%) (cumulative)",,33.43999863,33.99000168,34.63999939,35.29999924,35.95999908,,38.15000153,,,,,,,,,,,,,,,,,,,,,,,,,,,,,,,,,,,,,,,,,,,,,,,,
X,"Educational attainment, at least completed post-secondary, population 25+, female (%) (cumulative)",,9.899999619,10.02999973,10.68000031,11.42000008,11.97999954,,13.57999992,,5.376888616,,,,,,,,,,,,,,,,,,,,,,,,,,,,,,,,,,,,,,,,,,,,,,
X,"Lower secondary completion rate, total (% of relevant age group)",,,70.71364665,71.6450119,78.24447632,,,76.43583447,76.52829416,71.36244719,73.81118945,,,,,,,,,,,,,,,,,,,,,,,,,,,,,,,,,,,,,,,,,,,,,
X,Children out of school (% of primary school age),,,,3.278276696,3.357929551,,,,7.28624246,6.884615371,5.862195986,,,,,,,,,,,,,,,,,,,,,,,,,,,,,,,,,,,,,,,,,,,,,
X,"Children out of school, primary, female",,,,54511,189119,,,,,,,,,,,,,,,,,,,,,,,,,,,,,,,,,,,,,,,,,,,,,,,,,,,
X,"Adjusted net enrollment rate, primary (% of primary school age children)",,,,,,,,,,,,,,,,,,,,,,,,,,,,,,,,,,,,,,,,,,,,,,,,,,,,,,,,
X,"Trained teachers in primary education, male (% of male teachers)",,46.85174179,47.9660052,49.24236286,41.84855882,72.55477822,68.38616999,69.1790093,74.70383111,77.03927492,77.79483654,,,,,,,,,,,,,,,,,,,,,,,,,,,,,,,,,,,,,,,,,,,,,
X,"Repeaters, primary, female (% of female enrollment)",,,,4.45949,3.77704,,,,,,,,,,,,,,,,,,,,,,,,,,,,,,,,,,,,,,,,,,,,,,,,,,,
X,"Persistence to grade 5, total (% of cohort)",,,,,,,,,,,,,,,,,,,,,,,,,,,,,,,,,,,,,,,,,,,,,,,,,,,,,,,,
X,"Over-age students, primary (% of enrollment)",,,,,,,,,,,,,,,,,,,,,,,,,,,,,,,,,,,,,,,,,,,,,,,,,,,,,,,,
X,"Net intake rate in grade 1, male (% of official school-age population)",,,,,,,,,,,,,,,,,,,,,,,,,,,,,,,,,,,,,,,,,,,,,,,,,,,,,,,,
X,"School enrollment, primary (% net)",,,,,,,,,,,,,,,,,,,,,,,,,,,,,,,,,,,,,,,,,,,,,,,,,,,,,,,,
X,"School enrollment, primary, male (% gross)",,,,102.4971673,103.4494468,,103.8772812,103.5023676,100.8251065,97.25908132,100.3365121,,,,,,,,,,,,,,,,,,,,,,,,,,,,,,,,,,,,,,,,,,,,,
X,"Primary education, pupils (% female)",,,,50.6819,50.7497,,,,,,,,,,,,,,,,,,,,,,,,,,,,,,,,,,,,,,,,,,,,,,,,,,,
X,"Educational attainment, at least completed primary, population 25+ years, male (%) (cumulative)",,59.24000168,60.90999985,61.79999924,62.49000168,64.91000366,66.91000366,64.25,57.66210938,,,,,,,,,,,,,,,,,,,,,,,,,,,,,,,,,,,,,,,,,,,,,,,
X,"Primary completion rate, female (% of relevant age group)",,,,,,,,114.8569031,106.5177078,107.7911075,102.8275583,,,,,,,,,,,,,,,,,,,,,,,,,,,,,,,,,,,,,,,,,,,,,
X,"Trained teachers in preprimary education, female (% of female teachers)",,,,,,,,,,,,,,,,,,,,,,,,,,,,,,,,,,,,,,,,,,,,,,,,,,,,,,,,
X,"Pupil-teacher ratio, preprimary",,,,,,,,,,,,,,,,,,,,,,,,,,,,,,,,,,,,,,,,,,,,,,,,,,,,,,,,
X,Primary school age children out-of-school (%),,,,,,,,,2.440002441,,,,,,,,,,,,,,,,,,,,,,,,,,,,,,,,,,,,,,,,,,,,,,,
X,Pupils below minimum reading proficiency at end of primary (%). Low GAML threshold,,,,,,,,,50,,,,,,,,,,,,,,,,,,,,,,,,,,,,,,,,,,,,,,,,,,,,,,,
X,"School enrollment, secondary (gross), gender parity index (GPI)",,1.113070965,1.103510022,1.144510865,1.139480591,1.142904401,1.171067834,1.244412541,,,,,,,,,,,,,,,,,,,,,,,,,,,,,,,,,,,,,,,,,,,,,,,,
X,"Literacy rate, adult total (% of people ages 15 and above)",,65.13999939,72.76000214,72.88999939,73.91000366,74.68000031,74.91000366,76.36000061,79,,,,,,,,,,,,,,,,,,,,,,,,,,,,,,,,,,,,,,,,,,,,,,,
X,"Literacy rate, youth male (% of males ages 15-24)",,86.19000244,90.91000366,91.54000092,91.80000305,93.69999695,93.16000366,93.76000214,92.38999939,,,,,,,,,,,,,,,,,,,,,,,,,,,,,,,,,,,,,,,,,,,,,,,
X,"Regulatory Quality: Percentile Rank, Upper Bound of 90% Confidence Interval",,29.04761887,31.90476227,30.47619057,30.47619057,28.09523773,30.95238113,33.33333206,29.24528313,29.24528313,,,,,,,,,,,,,,,,,,,,,,,,,,,,,,,,,,,,,,,,,,,,,,
X,Regulatory Quality: Estimate,,-0.920240402,-0.811327994,-0.824757457,-0.849186778,-0.937222183,-0.906213522,-0.846353292,-0.927658916,-0.91415298,,,,,,,,,,,,,,,,,,,,,,,,,,,,,,,,,,,,,,,,,,,,,,
X,Rule of Law: Percentile Rank,,25.23809433,27.61904716,27.61904716,27.61904716,27.1428566,31.4285717,28.5714283,29.24528313,33.49056625,,,,,,,,,,,,,,,,,,,,,,,,,,,,,,,,,,,,,,,,,,,,,,
X,Political Stability and Absence of Violence/Terrorism: Standard Error,,0.201144516,0.206087306,0.213935971,0.212329432,0.229536057,0.232480288,0.216209188,0.219539359,0.20891802,,,,,,,,,,,,,,,,,,,,,,,,,,,,,,,,,,,,,,,,,,,,,,
X,Political Stability and Absence of Violence/Terrorism: Number of Sources,,8,8,8,8,7,6,7,7,8,,,,,,,,,,,,,,,,,,,,,,,,,,,,,,,,,,,,,,,,,,,,,,
X,Coverage of social insurance programs in 3rd quintile (% of population),,,0.861444235,,,,,,0.760803141,,,,,,,,,,,,,,,,,,,,,,,,,,,,,,,,,,,,,,,,,,,,,,,
X,Benefit incidence of social insurance programs to poorest quintile (% of total social insurance benefits),,,2.755703276,,,,,,1.030223893,,,,,,,,,,,,,,,,,,,,,,,,,,,,,,,,,,,,,,,,,,,,,,,
X,Coverage of social safety net programs in 3rd quintile (% of population),,,40.82453414,,,,,,56.19503501,,,,,,,,,,,,,,,,,,,,,,,,,,,,,,,,,,,,,,,,,,,,,,,
X,Benefit incidence of social safety net programs to poorest quintile (% of total safety net benefits),,,23.95503793,,,,,,25.85567334,,,,,,,,,,,,,,,,,,,,,,,,,,,,,,,,,,,,,,,,,,,,,,,
X,Coverage of unemployment benefits and ALMP in 3rd quintile (% of population),,,0.191391824,,,,,,1.509605884,,,,,,,,,,,,,,,,,,,,,,,,,,,,,,,,,,,,,,,,,,,,,,,
X,Benefit incidence of unemployment benefits and ALMP to poorest quintile (% of total U/ALMP benefits),,,,,,,,,40.18901964,,,,,,,,,,,,,,,,,,,,,,,,,,,,,,,,,,,,,,,,,,,,,,,
X,Adequacy of social protection and labor programs (% of total welfare of beneficiary households),,,4.271689207,,,,,,2.874566684,,,,,,,,,,,,,,,,,,,,,,,,,,,,,,,,,,,,,,,,,,,,,,,
X,"Official exchange rate (LCU per US$, period average)",,77.94690833,78.46809167,80.43754167,83.46620192,84.4535225,84.87139167,85.08376325,91.74545444,106.3094843,115.6036538,,,,,,,,,,,,,,,,,,,,,,,,,,,,,,,,,,,,,,,,,,,,,
X,Net secondary income (Net current transfers from abroad) (current LCU),,56001000000,32489000000,44164000000,42125000000,46551000000,63694000000,66536000000,65048000000,87431000000,76320000000,,,,,,,,,,,,,,,,,,,,,,,,,,,,,,,,,,,,,,,,,,,,,
X,Taxes less subsidies on products (current US$),,9116813980,11293929073,12955161931,14933561605,15183178677,13378897181,15608261199,17596520730,14391520432,14950122370,,,,,,,,,,,,,,,,,,,,,,,,,,,,,,,,,,,,,,,,,,,,,
X,Gross savings (% of GDP),,36.73095598,37.2802992,35.28520315,35.4590395,36.35360242,37.18886621,36.05117423,33.94946441,34.90435986,34.39486637,,,,,,,,,,,,,,,,,,,,,,,,,,,,,,,,,,,,,,,,,,,,,
X,"GNI per capita, PPP (constant 2021 international $)",,,5948.767168,6213.062321,6648.232545,7118.432995,7305.570467,7832.730916,8200.666319,8571.368536,8852.24794,,,,,,,,,,,,,,,,,,,,,,,,,,,,,,,,,,,,,,,,,,,,,
X,GNI per capita (constant 2015 US$),,1303.870508,,,,,,,,,,,,,,,,,,,,,,,,,,,,,,,,,,,,,,,,,,,,,,,,,,,,,,
X,"GNI, PPP (current international $)",,7.08E+11,7.71E+11,8.19E+11,9.34E+11,1.04E+12,1.15E+12,1.31E+12,1.49E+12,1.63E+12,1.75E+12,,,,,,,,,,,,,,,,,,,,,,,,,,,,,,,,,,,,,,,,,,,,,
X,GNI: linked series (current LCU),,1.91E+13,2.17E+13,2.40E+13,2.74E+13,3.07E+13,3.30E+13,3.72E+13,4.13E+13,4.67E+13,5.22E+13,,,,,,,,,,,,,,,,,,,,,,,,,,,,,,,,,,,,,,,,,,,,,
X,Gross domestic income (constant LCU),,1.93E+13,2.08E+13,2.21E+13,2.37E+13,2.56E+13,2.65E+13,2.83E+13,3.04E+13,3.21E+13,3.35E+13,,,,,,,,,,,,,,,,,,,,,,,,,,,,,,,,,,,,,,,,,,,,,
X,Total natural resources rents (% of GDP),,0.89981388,0.716140757,0.71042001,0.649238823,0.637717564,0.560867699,0.610069178,,,,,,,,,,,,,,,,,,,,,,,,,,,,,,,,,,,,,,,,,,,,,,,,
X,GDP per capita (constant LCU),,121591.5277,129083.7735,136424.9007,145213.3586,155338.5692,159356.3673,169030.405,179186.554,187233.292,192784.756,,,,,,,,,,,,,,,,,,,,,,,,,,,,,,,,,,,,,,,,,,,,,
X,GDP per capita (current US$),,1224.386477,1649.283809,1811.082217,1965.243727,2129.79897,2248.850788,2482.849178,2716.485928,2551.017738,2593.416117,,,,,,,,,,,,,,,,,,,,,,,,,,,,,,,,,,,,,,,,,,,,,
X,GDP (constant LCU),,1.94E+13,2.08E+13,2.21E+13,2.37E+13,2.56E+13,2.65E+13,2.83E+13,3.04E+13,3.21E+13,3.35E+13,,,,,,,,,,,,,,,,,,,,,,,,,,,,,,,,,,,,,,,,,,,,,
X,GDP (current LCU),,1.52E+13,2.08E+13,2.32E+13,2.64E+13,2.95E+13,3.17E+13,3.53E+13,3.97E+13,4.49E+13,5.00E+13,,,,,,,,,,,,,,,,,,,,,,,,,,,,,,,,,,,,,,,,,,,,,
X,Gross value added at basic prices (GVA) (constant LCU),,1.85E+13,1.99E+13,2.12E+13,2.27E+13,2.46E+13,2.55E+13,2.73E+13,2.92E+13,3.10E+13,3.24E+13,,,,,,,,,,,,,,,,,,,,,,,,,,,,,,,,,,,,,,,,,,,,,
X,Discrepancy in expenditure estimate of GDP (constant LCU),,,1.08E+11,2.34E+11,3.07E+11,3.65E+11,4.36E+11,4.69E+11,5.20E+11,5.57E+11,6.04E+11,,,,,,,,,,,,,,,,,,,,,,,,,,,,,,,,,,,,,,,,,,,,,
X,"Inflation, GDP deflator: linked series (annual %)",,5.872777041,6.72785241,5.047597582,5.805538767,3.658137552,3.841063386,4.121174707,5.049021879,6.89712404,6.882854606,,,,,,,,,,,,,,,,,,,,,,,,,,,,,,,,,,,,,,,,,,,,,
X,"Adjusted net savings, excluding particulate emission damage (% of GNI)",,26.74020062,28.02299804,26.16579802,26.10814711,33.88953584,34.51945903,32.79832967,,,,,,,,,,,,,,,,,,,,,,,,,,,,,,,,,,,,,,,,,,,,,,,,
X,Adjusted net national income per capita (annual % growth),,5.007142211,5.958562922,3.661897518,8.244470815,13.39623026,3.304683503,6.529062246,,,,,,,,,,,,,,,,,,,,,,,,,,,,,,,,,,,,,,,,,,,,,,,,
X,Adjusted net national income (constant 2015 US$),,1.90E+11,2.03E+11,2.13E+11,2.32E+11,2.66E+11,2.77E+11,2.97E+11,,,,,,,,,,,,,,,,,,,,,,,,,,,,,,,,,,,,,,,,,,,,,,,,
X,Adjusted savings: gross savings (% of GNI),,34.49447684,35.61162831,34.10724346,34.09532089,34.92299947,35.71191462,34.24794362,,,,,,,,,,,,,,,,,,,,,,,,,,,,,,,,,,,,,,,,,,,,,,,,
X,Fixed broadband subscriptions (per 100 people),,3.06992,4.09944,4.50131,4.92462,4.90289,6.04506,6.64247,7.1702,7.89246,,,,,,,,,,,,,,,,,,,,,,,,,,,,,,,,,,,,,,,,,,,,,,
X,Mobile cellular subscriptions (per 100 people),,82.4276,84.5595,93.069,98.9289,100.4,106.002,110.012,109.867,114.355,,,,,,,,,,,,,,,,,,,,,,,,,,,,,,,,,,,,,,,,,,,,,,
X,Rail lines (total route-km),,2877,2877,2877,2877,2877,,,,,,,,,,,,,,,,,,,,,,,,,,,,,,,,,,,,,,,,,,,,,,,,,,
X,"Air transport, freight (million ton-km)",,57.00954718,53.97916179,61.74997781,50.616612,168.6607136,117.7852031,83.737427,933.4210448,98.85012952,,,,,,,,,,,,,,,,,,,,,,,,,,,,,,,,,,,,,,,,,,,,,,
X,Statistical performance indicators (SPI): Pillar 3 data products score  (scale 0-100),,68.4375,72.2125,70.46875,69.5625,68.975,79.53125,85.83125,78.10625,83.91875,83.05,,,,,,,,,,,,,,,,,,,,,,,,,,,,,,,,,,,,,,,,,,,,,
X,"CPIA transparency, accountability, and corruption in the public sector rating (1=low to 6=high)",,2.5,2.5,2.5,2.5,2.5,2.5,2.5,2.5,2.5,2.5,,,,,,,,,,,,,,,,,,,,,,,,,,,,,,,,,,,,,,,,,,,,,
X,CPIA efficiency of revenue mobilization rating (1=low to 6=high),,3,3,3,3,2.5,2.5,2.5,2.5,2.5,2,,,,,,,,,,,,,,,,,,,,,,,,,,,,,,,,,,,,,,,,,,,,,
X,CPIA equity of public resource use rating (1=low to 6=high),,3.5,3.5,3.5,3.5,3.5,3.5,3.5,3.5,3.5,3.5,,,,,,,,,,,,,,,,,,,,,,,,,,,,,,,,,,,,,,,,,,,,,
X,CPIA building human resources rating (1=low to 6=high),,4,4,4,4,4,4,4,4,4.5,4,,,,,,,,,,,,,,,,,,,,,,,,,,,,,,,,,,,,,,,,,,,,,
X,CPIA quality of budgetary and financial management rating (1=low to 6=high),,3,3,3,3,3,3,3,3,3,3,,,,,,,,,,,,,,,,,,,,,,,,,,,,,,,,,,,,,,,,,,,,,
X,CPIA business regulatory environment rating (1=low to 6=high),,3,3,3,3,3,3,3,3,3,3,,,,,,,,,,,,,,,,,,,,,,,,,,,,,,,,,,,,,,,,,,,,,
X,"Patent applications, nonresidents",,299,267,241,299,345,362,373,,,,,,,,,,,,,,,,,,,,,,,,,,,,,,,,,,,,,,,,,,,,,,,,
X,Public private partnerships investment in water and sanitation (current US$),,,,,327000000,72000000,,,,,,,,,,,,,,,,,,,,,,,,,,,,,,,,,,,,,,,,,,,,,,,,,,
X,Investment in water and sanitation with private participation (current US$),,,,,327000000,72000000,,,,,,,,,,,,,,,,,,,,,,,,,,,,,,,,,,,,,,,,,,,,,,,,,,
X,Number of visits or required meetings with tax officials (average for affected firms),,,,,,,,,2.835731745,,,,,,,,,,,,,,,,,,,,,,,,,,,,,,,,,,,,,,,,,,,,,,,
X,Firms offering formal training (% of firms),,,,,,,,,6.415262222,,,,,,,,,,,,,,,,,,,,,,,,,,,,,,,,,,,,,,,,,,,,,,,
X,Firms visited or required meetings with tax officials (% of firms),,,,,,,,,51.0114212,,,,,,,,,,,,,,,,,,,,,,,,,,,,,,,,,,,,,,,,,,,,,,,
X,Firms with female participation in ownership (% of firms),,,,,,,,,6.742669582,,,,,,,,,,,,,,,,,,,,,,,,,,,,,,,,,,,,,,,,,,,,,,,
X,Time required to obtain an operating license (days),,,,,,,,,28.37251663,,,,,,,,,,,,,,,,,,,,,,,,,,,,,,,,,,,,,,,,,,,,,,,
X,Firms monitoring own CO2 emissions (% of firms),,,,,,,,,6.738442421,,,,,,,,,,,,,,,,,,,,,,,,,,,,,,,,,,,,,,,,,,,,,,,
X,Firms using banks to finance investment (% of firms),,,,,,,,,18.75737572,,,,,,,,,,,,,,,,,,,,,,,,,,,,,,,,,,,,,,,,,,,,,,,
X,Time to obtain an electrical connection (days),,,,,,,,,88.91862488,,,,,,,,,,,,,,,,,,,,,,,,,,,,,,,,,,,,,,,,,,,,,,,
X,"New business density (new registrations per 1,000 people ages 15-64)",,0.073662485,0.077359451,0.071337941,0.041042318,,,,,,,,,,,,,,,,,,,,,,,,,,,,,,,,,,,,,,,,,,,,,,,,,,,
X,B-READY: Utility Services: Overall Score,,,,,,,,,,,62.10479773,,,,,,,,,,,,,,,,,,,,,,,,,,,,,,,,,,,,,,,,,,,,,
X,B-READY: Taxation: Overall Score,,,,,,,,,,,56.36342621,,,,,,,,,,,,,,,,,,,,,,,,,,,,,,,,,,,,,,,,,,,,,
X,B-READY: Market Competition Pillar 3:  Implementation of Key Services Promoting Market Competition,,,,,,,,,,,47.57221909,,,,,,,,,,,,,,,,,,,,,,,,,,,,,,,,,,,,,,,,,,,,,
X,B-READY: Labor Pillar 3: Operational Efficiency of Labor Regulations and Public Services in Practice,,,,,,,,,,,71.66666508,,,,,,,,,,,,,,,,,,,,,,,,,,,,,,,,,,,,,,,,,,,,,
X,"B-READY: International Trade Pillar 3: Efficiency of Importing Goods, Exporting Goods, and Engaging in Digital Trade",,,,,,,,,,,80.49999905,,,,,,,,,,,,,,,,,,,,,,,,,,,,,,,,,,,,,,,,,,,,,
X,B-READY: Financial Services Pillar 3: Operational Efficiency of Receiving Financial Services,,,,,,,,,,,61.93333387,,,,,,,,,,,,,,,,,,,,,,,,,,,,,,,,,,,,,,,,,,,,,
X,B-READY: Dispute Resolution Pillar 3:  Ease of Resolving a Commercial Dispute,,,,,,,,,,,56.33333206,,,,,,,,,,,,,,,,,,,,,,,,,,,,,,,,,,,,,,,,,,,,,
X,B-READY: Business Location Pillar 3: Operational Efficiency of Establishing a Business Location,,,,,,,,,,,75.73333338,,,,,,,,,,,,,,,,,,,,,,,,,,,,,,,,,,,,,,,,,,,,,
X,B-READY: Business Insolvency Pillar 3: Operational Efficiency of Resolving Judicial Insolvency Proceedings,,,,,,,,,,,66,,,,,,,,,,,,,,,,,,,,,,,,,,,,,,,,,,,,,,,,,,,,,
X,B-READY: Business Entry Pillar 3: Operational Efficiency of Business Entry,,,,,,,,,,,85.75,,,,,,,,,,,,,,,,,,,,,,,,,,,,,,,,,,,,,,,,,,,,,
X,"Human capital index plus (HCI+): overall score, total (scale 0–325)",,128.5229266,,,,,137.7037128,,,,,146.7078336,,,,,,,,,,,,,,,,,,,,,,,,,,,,,,,,,,,,,,,,,,,,
X,"Human capital index plus (HCI+): on-the-job learning pillar score, male (scale -30–87)",,50.38600907,,,,,51.78109631,,,,,50.25258675,,,,,,,,,,,,,,,,,,,,,,,,,,,,,,,,,,,,,,,,,,,,
X,"Human capital index plus (HCI+): health pillar score, female (scale 0–50)",,39.56866422,,,,,41.28980308,,,,,42.38299998,,,,,,,,,,,,,,,,,,,,,,,,,,,,,,,,,,,,,,,,,,,,
X,Primary government expenditures as a proportion of original approved budget (%),,81.5869,80.7974,79.1236,80.412,84.3118,80.3073,81.0141,85.8381,83.1663,,,,,,,,,,,,,,,,,,,,,,,,,,,,,,,,,,,,,,,,,,,,,,
X,Total greenhouse gas emissions including LULUCF (Mt CO2e),,177.8366,186.5841,195.8249,200.9133,206.1187,203.1172,219.7393,223.3537,216.208,,,,,,,,,,,,,,,,,,,,,,,,,,,,,,,,,,,,,,,,,,,,,,
X,"Bird species, threatened",,,,,36,,,,36,,,,,,,,,,,,,,,,,,,,,,,,,,,,,,,,,,,,,,,,,,,,,,,
X,"PM2.5 pollution, population exposed to levels exceeding WHO Interim Target-1 value (% of total)",,99.99980347,99.94224718,99.95283726,,,,,,,,,,,,,,,,,,,,,,,,,,,,,,,,,,,,,,,,,,,,,,,,,,,,
X,Combustible renewables and waste (% of total energy),,22.17228686,20.16666464,19.37522439,19.03756661,17.57623862,17.32619773,15.8479801,15.26638907,,,,,,,,,,,,,,,,,,,,,,,,,,,,,,,,,,,,,,,,,,,,,,,
X,"Energy imports, net (% of energy use)",,20.40020854,21.67191592,23.88997022,24.57411595,30.29749409,34.46204003,39.590069,44.30702584,,,,,,,,,,,,,,,,,,,,,,,,,,,,,,,,,,,,,,,,,,,,,,,
X,"Electricity production from renewable sources, excluding hydroelectric (% of total)",,0.808293036,0.342719601,0.430859816,0.211862052,0.512565827,0.446443392,0.776227579,,,,,,,,,,,,,,,,,,,,,,,,,,,,,,,,,,,,,,,,,,,,,,,,
X,Electricity production from nuclear sources (% of total),,0,0,0,0,0,0,0,,,,,,,,,,,,,,,,,,,,,,,,,,,,,,,,,,,,,,,,,,,,,,,,
X,"Electricity production from oil, gas and coal sources (% of total)",,98.53414433,98.19476264,98.18055726,98.22258717,98.65055482,98.43474195,98.6267845,98.37710556,,,,,,,,,,,,,,,,,,,,,,,,,,,,,,,,,,,,,,,,,,,,,,,
X,"Access to electricity, rural (% of rural population)",,63.8,66.1,81.6,81.3,88.9,95.2,98.5,99.2,99.6,,,,,,,,,,,,,,,,,,,,,,,,,,,,,,,,,,,,,,,,,,,,,,
X,"Access to clean fuels and technologies for cooking, rural (% of rural population)",,4.7,5.3,6,6.7,7.4,8.1,9,9.9,10.8,,,,,,,,,,,,,,,,,,,,,,,,,,,,,,,,,,,,,,,,,,,,,,
X,Public and publicly guaranteed debt service (% of GNI),,0.623319492,0.442464861,0.489466899,0.511132375,0.521477056,0.517133346,0.634173953,0.711123891,0.972835651,1.087953164,,,,,,,,,,,,,,,,,,,,,,,,,,,,,,,,,,,,,,,,,,,,,
X,Total debt service (% of GNI),,0.844871384,0.669192728,0.74963435,0.905165358,1.622972271,1.039144575,1.295824516,1.42133582,1.643116821,1.831044438,,,,,,,,,,,,,,,,,,,,,,,,,,,,,,,,,,,,,,,,,,,,,
X,Net ODA received per capita (current US$),,16.26839459,15.75018923,23.31744675,18.6197678,26.57630583,32.32885443,30.36309434,30.72760373,33.14840613,,,,,,,,,,,,,,,,,,,,,,,,,,,,,,,,,,,,,,,,,,,,,,
X,Net ODA received (% of gross capital formation),,4.599688317,3.157998972,4.160313452,2.977299512,3.873601533,4.591717527,3.942498667,3.529637613,4.198282705,,,,,,,,,,,,,,,,,,,,,,,,,,,,,,,,,,,,,,,,,,,,,,
X,Net official development assistance and official aid received (constant 2023 US$),,2894629395,2807959717,3947421387,3046844482,4572560547,5253880859,4791762695,5284681152,5683857422,,,,,,,,,,,,,,,,,,,,,,,,,,,,,,,,,,,,,,,,,,,,,,
X,"Net official flows from UN agencies, WFP (current US$)",,3100733.042,1110893.011,636730.0153,11555230.14,7921649.933,3050883.055,4574659.824,1181494.951,7773655.891,,,,,,,,,,,,,,,,,,,,,,,,,,,,,,,,,,,,,,,,,,,,,,
X,"Net official flows from UN agencies, UNRWA (current US$)",,,,,,,,,,,,,,,,,,,,,,,,,,,,,,,,,,,,,,,,,,,,,,,,,,,,,,,,
X,"Net official flows from UN agencies, UNFPA (current US$)",,7043667.793,6904084.206,5152331.829,5501170.158,5387484.074,5333139.896,5479793.072,6728199.959,6778530.121,,,,,,,,,,,,,,,,,,,,,,,,,,,,,,,,,,,,,,,,,,,,,,
X,"Net official flows from UN agencies, UNCOVID (current US$)",,,,,,,,,,,,,,,,,,,,,,,,,,,,,,,,,,,,,,,,,,,,,,,,,,,,,,,,
X,"Net bilateral aid flows from DAC donors, Greece (current US$)",,22616.00085,,,,232.0000058,1476.999954,,,,,,,,,,,,,,,,,,,,,,,,,,,,,,,,,,,,,,,,,,,,,,,,,
X,"Net bilateral aid flows from DAC donors, Estonia (current US$)",,,,56363.00147,59011.00114,55971.99872,56979.99895,46121.00124,,,,,,,,,,,,,,,,,,,,,,,,,,,,,,,,,,,,,,,,,,,,,,,,
X,"Net bilateral aid flows from DAC donors, Czechia (current US$)",,22028.9994,12419.99958,238707.006,18147.99942,22692.00049,223453.9986,230603.9929,231257.0065,247737.0054,,,,,,,,,,,,,,,,,,,,,,,,,,,,,,,,,,,,,,,,,,,,,,
X,"Net bilateral aid flows from DAC donors, Belgium (current US$)",,620153.0099,1390601.993,1005727.053,1219642.997,1027173.996,1460170.031,1213518.023,936882.9727,1043136.954,,,,,,,,,,,,,,,,,,,,,,,,,,,,,,,,,,,,,,,,,,,,,,
X,"Stocks traded, total value (% of GDP)",,6.975417134,5.776554992,9.02285066,5.023024566,3.737382388,4.227053204,10.11035467,5.033608975,3.046614738,2.840243964,,,,,,,,,,,,,,,,,,,,,,,,,,,,,,,,,,,,,,,,,,,,,
X,Market capitalization of listed domestic companies (current US$),,65484860000,70419424536,86178750000,77390510000,64416510000,89773660000,1.09E+11,1.15E+11,1.12E+11,87941640000,,,,,,,,,,,,,,,,,,,,,,,,,,,,,,,,,,,,,,,,,,,,,
X,"Control of Corruption: Percentile Rank, Lower Bound of 90% Confidence Interval",,13.33333302,11.90476227,13.33333302,11.4285717,10,10.47619057,10.95238113,7.075471878,7.547169685,,,,,,,,,,,,,,,,,,,,,,,,,,,,,,,,,,,,,,,,,,,,,,
X,"Personal remittances, received (% of GDP)",,7.837971756,5.118035884,4.596677414,4.843822693,5.228418137,5.816267959,5.334378041,4.673764988,5.045557254,6.114946867,,,,,,,,,,,,,,,,,,,,,,,,,,,,,,,,,,,,,,,,,,,,,
X,"Portfolio equity, net inflows (BoP, current US$)",,-104994999.4,114334779.1,258081454,-32669788.38,-69735154.12,-354516607.3,-269202296.7,-169299712.7,-134026399,-56059653.87,,,,,,,,,,,,,,,,,,,,,,,,,,,,,,,,,,,,,,,,,,,,,
X,"Transport services (% of service exports, BoP)",,12.41367642,11.80547096,12.62651205,12.03831131,10.00411848,11.38530436,17.86735717,17.54031847,12.11628042,18.47490609,,,,,,,,,,,,,,,,,,,,,,,,,,,,,,,,,,,,,,,,,,,,,
X,"Goods exports (BoP, current US$)",,31736035719,34122050870,35300765073,38681904956,38747293729,32456147197,41815967657,51832405871,52506389572,47270356591,,,,,,,,,,,,,,,,,,,,,,,,,,,,,,,,,,,,,,,,,,,,,
X,"Communications, computer, etc. (% of service exports, BoP)",,75.39177925,72.99793521,67.988772,70.19197468,71.42154001,71.61358533,60.12623593,59.74085065,60.70847667,63.89033614,,,,,,,,,,,,,,,,,,,,,,,,,,,,,,,,,,,,,,,,,,,,,
X,"Grants, excluding technical cooperation (BoP, current US$)",,980134905,946641631,1143478687,1335020256,1526892387,1590986481,1613578675,1269833715,1447544413,,,,,,,,,,,,,,,,,,,,,,,,,,,,,,,,,,,,,,,,,,,,,,
X,"Portfolio investment, net (BoP, current US$)",,-203400248.4,-42067755.31,178794068.5,-22454139.71,386409182.8,190108974.5,313402814.4,323222901.9,323196239.4,246038910.9,,,,,,,,,,,,,,,,,,,,,,,,,,,,,,,,,,,,,,,,,,,,,
X,"Net trade in goods and services (BoP, current US$)",,-10606498175,-10505302542,-17594487835,-21457169885,-19272605861,-18300384907,-36008206263,-33568494214,-14287605601,-21305227685,,,,,,,,,,,,,,,,,,,,,,,,,,,,,,,,,,,,,,,,,,,,,
X,"Current account balance (BoP, current US$)",,2579621009,931393868,-5984992476,-7095172568,-2948537075,1192771686,-15775415833,-14437645295,4387571900,1434553195,,,,,,,,,,,,,,,,,,,,,,,,,,,,,,,,,,,,,,,,,,,,,
X,"Foreign direct investment, net outflows (BoP, current US$)",,59902023.75,40516462.34,126742274.7,19210044.2,23061761.96,4807601.884,83184395.32,31598137.87,7991875.713,34105075.42,,,,,,,,,,,,,,,,,,,,,,,,,,,,,,,,,,,,,,,,,,,,,
X,"Charges for the use of intellectual property, payments (BoP, current US$)",,24374495.85,46541986.24,25938279.03,41791531.83,47747802.84,64723020.59,63112111.56,54087755.34,46488578.5,92301271.45,,,,,,,,,,,,,,,,,,,,,,,,,,,,,,,,,,,,,,,,,,,,,
X,"Imports of goods and services (BoP, current US$)",,45575754269,48167978224,56764922840,65585208867,64233645991,56776357566,85298706307,93634992762,73172264133,76047291241,,,,,,,,,,,,,,,,,,,,,,,,,,,,,,,,,,,,,,,,,,,,,
X,Cereal yield (kg per hectare),,4560.4,4601,4706,4790.2,4810.9,4901.8,4919.6,5005.3,5159.9,,,,,,,,,,,,,,,,,,,,,,,,,,,,,,,,,,,,,,,,,,,,,,
X,Crop production index (2014-2016 = 100),,100.69,100.55,108.47,108,109.89,111.84,116.46,119.1,,,,,,,,,,,,,,,,,,,,,,,,,,,,,,,,,,,,,,,,,,,,,,,
X,Land area (sq. km),,130170,130170,130170,130170,130170,130170,130170,130260,129980,,,,,,,,,,,,,,,,,,,,,,,,,,,,,,,,,,,,,,,,,,,,,,
X,Forest area (sq. km),,18834,18834,18834,18834,18834,18834,18834,18834,18834,,,,,,,,,,,,,,,,,,,,,,,,,,,,,,,,,,,,,,,,,,,,,,
X,Rural land area where elevation is below 5 meters (% of total land area),,10.71238737,,,,,,,,,,,,,,,,,,,,,,,,,,,,,,,,,,,,,,,,,,,,,,,,,,,,,,
X,Arable land (% of land area),,59.63155873,59.87716064,59.82430668,59.70884228,60.35952985,60.61304448,60.49089652,60.78381698,60.62778889,,,,,,,,,,,,,,,,,,,,,,,,,,,,,,,,,,,,,,,,,,,,,,
X,Agricultural land (sq. km),,91622.4,91942.1,91873.3,92023,93970,94300,94180,94270,93990,,,,,,,,,,,,,,,,,,,,,,,,,,,,,,,,,,,,,,,,,,,,,,
X,Prevalence of severe food insecurity in the population (%),,,,,,,,,,,,,,,,,,,,,,,,,,,,,,,,,,,,,,,,,,,,,,,,,,,,,,,,
X,International migrant stock (% of population),,0.9,,,,,1.3,,,,1.7,,,,,,,,,,,,,,,,,,,,,,,,,,,,,,,,,,,,,,,,,,,,,
X,Refugees under the mandate of the UNHCR by country or territory of origin,,12154,13842,16780,21022,22766,18948,22672,23935,24126,28473,,,,,,,,,,,,,,,,,,,,,,,,,,,,,,,,,,,,,,,,,,,,,
X,Net migration,,-909223,-918770,-1037176,-1029069,-1016796,-1002522,-994722,-549990,-549918,-473362,-402100,,,,,,,,,,,,,,,,,,,,,,,,,,,,,,,,,,,,,,,,,,,,
X,Asylum-seekers by country or territory of asylum,,0,0,115,39,34,18,48,24,0,35,,,,,,,,,,,,,,,,,,,,,,,,,,,,,,,,,,,,,,,,,,,,,
X,"Unemployment, total (% of total labor force) (modeled ILO estimate)",,4.397,4.35,4.372,4.439,4.504,5.539,5.457,4.593,3.352,3.635,3.778,,,,,,,,,,,,,,,,,,,,,,,,,,,,,,,,,,,,,,,,,,,,
X,"Unemployment, female (% of female labor force) (modeled ILO estimate)",,7.322,7.235,6.628,6.261,5.91,6.423,5.951,4.888,3.238,3.445,3.673,,,,,,,,,,,,,,,,,,,,,,,,,,,,,,,,,,,,,,,,,,,,
X,"Share of youth not in education, employment or training, male (% of male youth population)",,,9.97,9.811,,,,,10.472,9.642,10.882,,,,,,,,,,,,,,,,,,,,,,,,,,,,,,,,,,,,,,,,,,,,,
X,Unemployment with intermediate education (% of total labor force with intermediate education),,,9.71,10.239,,,,,7.672,4.448,5.02,,,,,,,,,,,,,,,,,,,,,,,,,,,,,,,,,,,,,,,,,,,,,
X,"Unemployment with basic education, male (% of male labor force with basic education)",,,2,2.554,,,,,3.95,2.984,3.081,,,,,,,,,,,,,,,,,,,,,,,,,,,,,,,,,,,,,,,,,,,,,
X,"Unemployment with advanced education, female (% of female labor force with advanced education)",,,16.78,20.826,,,,,20.215,19.548,19.019,,,,,,,,,,,,,,,,,,,,,,,,,,,,,,,,,,,,,,,,,,,,,
X,"Unemployment, youth male (% of male labor force ages 15-24) (national estimate)",,,10.11,10.781,,,,,14.924,11.517,14.126,,,,,,,,,,,,,,,,,,,,,,,,,,,,,,,,,,,,,,,,,,,,,
X,"Labor force, female (% of total labor force)",,30.55281985,30.78867998,32.44259727,33.32213963,34.13234744,34.85152849,35.71156734,36.54704716,35.61722339,34.02876468,34.01823947,,,,,,,,,,,,,,,,,,,,,,,,,,,,,,,,,,,,,,,,,,,,
X,Labor force with intermediate education (% of total working-age population with intermediate education),,,51.31,48.491,,,,,63.771,63.641,60.194,,,,,,,,,,,,,,,,,,,,,,,,,,,,,,,,,,,,,,,,,,,,,
X,"Labor force participation rate, total (% of total population ages 15+) (national estimate)",,,56.09,58.328,,,,,61.873,60.885,58.903,,,,,,,,,,,,,,,,,,,,,,,,,,,,,,,,,,,,,,,,,,,,,
X,Ratio of female to male labor force participation rate (%) (national estimate),,,41.80100756,45.05292907,,,,,53.67919272,51.50072526,48.0291131,,,,,,,,,,,,,,,,,,,,,,,,,,,,,,,,,,,,,,,,,,,,,
X,"Labor force with basic education, male (% of male working-age population with basic education)",,,82.2,82.378,,,,,77.998,77.347,76.948,,,,,,,,,,,,,,,,,,,,,,,,,,,,,,,,,,,,,,,,,,,,,
X,"Labor force with advanced education, female (% of female working-age population with advanced education)",,,52.88,56.721,,,,,56.454,53.577,48.944,,,,,,,,,,,,,,,,,,,,,,,,,,,,,,,,,,,,,,,,,,,,,
X,"Labor force participation rate for ages 15-24, total (%) (modeled ILO estimate)",,40.47,38.04,40.47,42.639,44.59,47.082,50.359,52.699,51.526,48.267,48.383,,,,,,,,,,,,,,,,,,,,,,,,,,,,,,,,,,,,,,,,,,,,
X,"Labor force participation rate for ages 15-24, female (%) (modeled ILO estimate)",,27.937,23.488,26.638,31.411,35.765,40.461,46.018,50.362,48.848,46.531,46.543,,,,,,,,,,,,,,,,,,,,,,,,,,,,,,,,,,,,,,,,,,,,
X,"Average working hours of children, working only, ages 7-14 (hours per week)",,,,,,,,,,,,,,,,,,,,,,,,,,,,,,,,,,,,,,,,,,,,,,,,,,,,,,,,
X,"Average working hours of children, working only, female, ages 7-14 (hours per week)",,,,,,,,,,,,,,,,,,,,,,,,,,,,,,,,,,,,,,,,,,,,,,,,,,,,,,,,
X,"Average working hours of children, study and work, male, ages 7-14 (hours per week)",,,,,,,,,,,,,,,,,,,,,,,,,,,,,,,,,,,,,,,,,,,,,,,,,,,,,,,,
X,"Children in employment, female (% of female children ages 7-14)",,,,,,,,,,,,,,,,,,,,,,,,,,,,,,,,,,,,,,,,,,,,,,,,,,,,,,,,
X,Child employment in services (% of economically active children ages 7-14),,,,,,,,,,,,,,,,,,,,,,,,,,,,,,,,,,,,,,,,,,,,,,,,,,,,,,,,
X,"Children in employment, self-employed, male (% of male children in employment, ages 7-14)",,,,,,,,,,,,,,,,,,,,,,,,,,,,,,,,,,,,,,,,,,,,,,,,,,,,,,,,
X,"Child employment in manufacturing, female (% of female economically active children ages 7-14)",,,,,,,,,,,,,,,,,,,,,,,,,,,,,,,,,,,,,,,,,,,,,,,,,,,,,,,,
X,GDP per person employed (constant 2021 PPP $),,14411.37485,15254.59078,15398.44543,16161.75765,17073.96359,17564.35476,18166.59059,18760.024,19552.11686,20762.81566,,,,,,,,,,,,,,,,,,,,,,,,,,,,,,,,,,,,,,,,,,,,,
X,"Children in employment, unpaid family workers (% of children in employment, ages 7-14)",,,,,,,,,,,,,,,,,,,,,,,,,,,,,,,,,,,,,,,,,,,,,,,,,,,,,,,,
X,"Wage and salaried workers, male (% of male employment) (modeled ILO estimate)",,43.7828321,43.32871951,42.93413483,42.63724207,42.37112836,41.21074403,40.85285178,40.89101486,40.48531851,40.82627511,41.15534227,,,,,,,,,,,,,,,,,,,,,,,,,,,,,,,,,,,,,,,,,,,,
X,"Vulnerable employment, female (% of female employment) (modeled ILO estimate)",,72.04112796,70.1083299,67.74194949,66.6936021,65.7518681,65.76849159,65.43839298,65.2846175,65.44934536,65.1061364,64.61598256,,,,,,,,,,,,,,,,,,,,,,,,,,,,,,,,,,,,,,,,,,,,
X,"Employment to population ratio, 15+, male (%) (national estimate)",,,79.4,78,,,,,77.188,77.908,76.981,,,,,,,,,,,,,,,,,,,,,,,,,,,,,,,,,,,,,,,,,,,,,
X,"Self-employed, total (% of total employment) (modeled ILO estimate)",,61.14618671,60.90235595,60.65690118,60.63304062,60.59045724,61.4694696,61.6569765,61.63739545,61.87394307,61.42530131,61.0415602,,,,,,,,,,,,,,,,,,,,,,,,,,,,,,,,,,,,,,,,,,,,
X,"Employers, male (% of male employment) (modeled ILO estimate)",,4.263826516,5.200839388,6.245559725,6.120259006,5.985126754,5.801781504,5.689551881,5.535513151,5.367315216,5.247206967,5.249661274,,,,,,,,,,,,,,,,,,,,,,,,,,,,,,,,,,,,,,,,,,,,
X,"Employment to population ratio, ages 15-24, male (%) (modeled ILO estimate)",,47.83,47.467,48.934,48.454,47.756,46.413,46.773,47.401,48.416,43.496,43.617,,,,,,,,,,,,,,,,,,,,,,,,,,,,,,,,,,,,,,,,,,,,
X,Employment in agriculture (% of total employment) (modeled ILO estimate),,43.54234234,42.66474642,40.59730441,40.76579789,40.84013232,42.54767641,43.46571579,43.66870128,45.36633937,44.73603405,44.26012511,,,,,,,,,,,,,,,,,,,,,,,,,,,,,,,,,,,,,,,,,,,,
X,"Child employment in agriculture, male (% of male economically active children ages 7-14)",,,,,,,,,,,,,,,,,,,,,,,,,,,,,,,,,,,,,,,,,,,,,,,,,,,,,,,,
X,"Survey mean consumption or income per capita, total population (2021 PPP $ per day)",,,5.62,,,,,,,,,,,,,,,,,,,,,,,,,,,,,,,,,,,,,,,,,,,,,,,,,,,,,
X,Average transaction cost of sending remittances to a specific country (%),,,3.809092,3.33034875,3.649876,2.937120833,3.059361667,2.792696667,3.442651455,7.654722417,,,,,,,,,,,,,,,,,,,,,,,,,,,,,,,,,,,,,,,,,,,,,,
X,Poverty headcount ratio at national poverty lines (% of population),,,24.3,,,,,,18.7,,,,,,,,,,,,,,,,,,,,,,,,,,,,,,,,,,,,,,,,,,,,,,,
X,Poverty headcount ratio at $4.20 a day (2021 PPP) (% of population),,,44.7,,,,,,20.5,,,,,,,,,,,,,,,,,,,,,,,,,,,,,,,,,,,,,,,,,,,,,,,
X,Income share held by lowest 20%,,,8.6,,,,,,8.8,,,,,,,,,,,,,,,,,,,,,,,,,,,,,,,,,,,,,,,,,,,,,,,
X,Income share held by highest 20%,,,41.4,,,,,,40.1,,,,,,,,,,,,,,,,,,,,,,,,,,,,,,,,,,,,,,,,,,,,,,,
X,"UHC service coverage sub-index on reproductive, maternal, newborn and child health",,59,60,59,58,62,63,65,65,66,,,,,,,,,,,,,,,,,,,,,,,,,,,,,,,,,,,,,,,,,,,,,,
X,UHC service coverage index,,45,46,47,47,50,52,52,54,54,,,,,,,,,,,,,,,,,,,,,,,,,,,,,,,,,,,,,,,,,,,,,,
X,"Proportion of population further impoverished due to out-of-pocket health expenditure, based on the societal poverty line (%)",,,,,,,,,,,,,,,,,,,,,,,,,,,,,,,,,,,,,,,,,,,,,,,,,,,,,,,,
X,Domestic private health expenditure (% of current health expenditure),,75.12078094,73.93395233,72.72188568,73.20014191,79.22569275,79.63627625,78.74753571,80.92211914,82.01707458,,,,,,,,,,,,,,,,,,,,,,,,,,,,,,,,,,,,,,,,,,,,,,
X,"Domestic general government health expenditure per capita, PPP (current international $)",,16.36235355,21.77673042,24.53534025,26.66483393,21.83368913,23.62504159,28.87616033,28.89540925,28.7520443,,,,,,,,,,,,,,,,,,,,,,,,,,,,,,,,,,,,,,,,,,,,,,
X,Domestic general government health expenditure (% of current health expenditure),,17.09586334,19.90324593,21.22780418,20.96880913,16.97402763,16.30055046,17.11958885,15.43413067,14.48319054,,,,,,,,,,,,,,,,,,,,,,,,,,,,,,,,,,,,,,,,,,,,,,
X,"Current health expenditure per capita, PPP (current international $)",,95.70942848,109.4129579,115.5811502,127.1642761,128.6299795,144.9340116,168.6732109,187.2176006,198.5200965,,,,,,,,,,,,,,,,,,,,,,,,,,,,,,,,,,,,,,,,,,,,,,
X,"Services, value added (annual % growth)",,5.801061762,6.246900711,6.374987958,6.553621083,6.879814231,3.932862738,5.732182069,6.256653202,5.371249517,5.0892982,,,,,,,,,,,,,,,,,,,,,,,,,,,,,,,,,,,,,,,,,,,,,
X,"Services, value added per worker (constant 2015 US$)",,4921.511671,5041.538058,4804.215844,4981.139406,5190.337718,5486.111452,5645.954403,5765.796179,6205.425473,6579.757405,,,,,,,,,,,,,,,,,,,,,,,,,,,,,,,,,,,,,,,,,,,,,
X,Machinery and transport equipment (% of value added in manufacturing),,,,,3.584551596,,3.884923745,,,,,,,,,,,,,,,,,,,,,,,,,,,,,,,,,,,,,,,,,,,,,,,,,
X,"Industry (including construction), value added (constant LCU)",,5.81E+12,6.45E+12,6.98E+12,7.69E+12,8.59E+12,8.90E+12,9.82E+12,1.08E+13,1.17E+13,1.21E+13,,,,,,,,,,,,,,,,,,,,,,,,,,,,,,,,,,,,,,,,,,,,,
X,"Industry (including construction), value added (current US$)",,52360557158,82403006280,91786372515,1.03E+11,1.15E+11,1.23E+11,1.39E+11,1.56E+11,1.51E+11,1.53E+11,,,,,,,,,,,,,,,,,,,,,,,,,,,,,,,,,,,,,,,,,,,,,
X,"Manufacturing, value added (constant 2015 US$)",,32762527150,36592733654,39185855654,43281734312,48620322779,49437533670,55164940561,61459716884,66926063317,69038623302,,,,,,,,,,,,,,,,,,,,,,,,,,,,,,,,,,,,,,,,,,,,,
X,Financial intermediary services indirectly Measured (FISIM) (constant LCU),,,,,,,,,,,,,,,,,,,,,,,,,,,,,,,,,,,,,,,,,,,,,,,,,,,,,,,,
X,"Agriculture, forestry, and fishing, value added (annual % growth)",,3.328381063,2.786267951,3.196007227,3.544539901,3.260577684,3.420947932,3.174571822,3.053950554,3.371439221,3.303905242,,,,,,,,,,,,,,,,,,,,,,,,,,,,,,,,,,,,,,,,,,,,,
X,"Agriculture, forestry, and fishing, value added per worker (constant 2015 US$)",,1119.182215,1160.191133,1191.580103,1201.66973,1212.901663,1197.349881,1169.577959,1156.755477,1134.111007,1210.532284,,,,,,,,,,,,,,,,,,,,,,,,,,,,,,,,,,,,,,,,,,,,,
X,External balance on goods and services (current LCU),,-1.12E+12,-7.25E+11,-1.01E+12,-1.89E+12,-1.59E+12,-1.71E+12,-2.26E+12,-3.18E+12,-2.10E+12,-2.93E+12,,,,,,,,,,,,,,,,,,,,,,,,,,,,,,,,,,,,,,,,,,,,,
X,Imports of goods and services (annual % growth),,3.202705182,-7.091884622,5.164200015,23.93497773,0.50548511,-11.40956195,15.26594174,31.18308636,-9.773652771,-4.599036195,,,,,,,,,,,,,,,,,,,,,,,,,,,,,,,,,,,,,,,,,,,,,
X,Gross capital formation (% of GDP),,28.88668925,30.23976392,30.94687312,31.82257477,32.21373311,31.30794134,31.01873874,32.04727558,30.95120008,30.70049002,,,,,,,,,,,,,,,,,,,,,,,,,,,,,,,,,,,,,,,,,,,,,
X,Gross capital formation (current LCU),,4.38E+12,6.28E+12,7.19E+12,8.40E+12,9.51E+12,9.93E+12,1.10E+13,1.27E+13,1.39E+13,1.54E+13,,,,,,,,,,,,,,,,,,,,,,,,,,,,,,,,,,,,,,,,,,,,,
X,Changes in inventories (current US$),,,,,,,,,,,,,,,,,,,,,,,,,,,,,,,,,,,,,,,,,,,,,,,,,,,,,,,,
X,Gross fixed capital formation (constant 2015 US$),,56371394512,61393731835,66525986070,74597518248,79730036554,82876081504,89581402225,1.00E+11,1.02E+11,1.06E+11,,,,,,,,,,,,,,,,,,,,,,,,,,,,,,,,,,,,,,,,,,,,,
X,"Gross fixed capital formation, private sector (current LCU)",,3.34E+12,4.92E+12,5.50E+12,6.58E+12,7.45E+12,7.61E+12,8.37E+12,9.74E+12,1.09E+13,1.20E+13,,,,,,,,,,,,,,,,,,,,,,,,,,,,,,,,,,,,,,,,,,,,,
X,Exports of goods and services (constant 2015 US$),,33831931004,34575133828,33937817019,36010032876,40135512710,33110837829,36154205958,46780850864,50538575676,41879972086,,,,,,,,,,,,,,,,,,,,,,,,,,,,,,,,,,,,,,,,,,,,,
X,Gross national expenditure (constant LCU),,2.04E+13,2.14E+13,2.29E+13,2.51E+13,2.66E+13,2.75E+13,2.97E+13,3.23E+13,3.30E+13,3.48E+13,,,,,,,,,,,,,,,,,,,,,,,,,,,,,,,,,,,,,,,,,,,,,
X,Gross national expenditure deflator (base year varies by country),,79.44042569,100,105.6347452,110.6217703,116.7273767,120.2040426,125.6794154,131.4984585,142.9521002,153.3818462,,,,,,,,,,,,,,,,,,,,,,,,,,,,,,,,,,,,,,,,,,,,,
X,Final consumption expenditure (constant 2015 US$),,1.52E+11,1.57E+11,1.67E+11,1.82E+11,1.92E+11,1.98E+11,2.14E+11,2.29E+11,2.35E+11,2.50E+11,,,,,,,,,,,,,,,,,,,,,,,,,,,,,,,,,,,,,,,,,,,,,
X,"Households and NPISHs Final consumption expenditure, PPP (constant 2021 international $)",,5.95E+11,6.13E+11,6.51E+11,7.12E+11,7.47E+11,7.69E+11,8.31E+11,8.93E+11,9.11E+11,9.65E+11,,,,,,,,,,,,,,,,,,,,,,,,,,,,,,,,,,,,,,,,,,,,,
X,Households and NPISHs Final consumption expenditure (constant LCU),,1.35E+13,1.39E+13,1.48E+13,1.61E+13,1.69E+13,1.74E+13,1.88E+13,2.02E+13,2.06E+13,2.19E+13,,,,,,,,,,,,,,,,,,,,,,,,,,,,,,,,,,,,,,,,,,,,,
X,Households and NPISHs Final consumption expenditure (current LCU),,1.10E+13,1.39E+13,1.56E+13,1.78E+13,1.97E+13,2.12E+13,2.43E+13,2.74E+13,3.08E+13,3.51E+13,,,,,,,,,,,,,,,,,,,,,,,,,,,,,,,,,,,,,,,,,,,,,
X,General government final consumption expenditure (annual % growth),,8.751570509,8.368428486,7.202527081,5.277484937,13.39924766,1.951448666,6.877224787,6.241515199,8.535459733,9.773355213,,,,,,,,,,,,,,,,,,,,,,,,,,,,,,,,,,,,,,,,,,,,,
X,Arms exports (SIPRI trend indicator values),,,,,,,,,,,,,,,,,,,,,,,,,,,,,,,,,,,,,,,,,,,,,,,,,,,,,,,,
X,Military expenditure (current USD),,2815281641,3239753510,3266033239,3649623808,4348501895,4651183348,4849929470,4214350329,3782793038,4034561893,,,,,,,,,,,,,,,,,,,,,,,,,,,,,,,,,,,,,,,,,,,,,
X,Logistics performance index: Ability to track and trace consignments (1=low to 5=high),,,2.593879,,2.79,,,,2.4,,,,,,,,,,,,,,,,,,,,,,,,,,,,,,,,,,,,,,,,,,,,,,,
X,Logistics performance index: Ease of arranging competitively priced shipments (1=low to 5=high),,,2.73,,2.56,,,,2.6,,,,,,,,,,,,,,,,,,,,,,,,,,,,,,,,,,,,,,,,,,,,,,,
X,"Lead time to export, median case (days)",,,4,,,,,,,,,,,,,,,,,,,,,,,,,,,,,,,,,,,,,,,,,,,,,,,,,,,,,
X,Secure Internet servers (per 1 million people),,1.970094975,23.20101471,64.20400381,114.4303139,99.0461307,138.8170433,228.7084701,329.5689344,388.1680083,527.06127,,,,,,,,,,,,,,,,,,,,,,,,,,,,,,,,,,,,,,,,,,,,,
X,Fixed telephone subscriptions (per 100 people),,0.542,0.476,0.436,0.887,0.879,0.836,0.174,0.17,0.176,,,,,,,,,,,,,,,,,,,,,,,,,,,,,,,,,,,,,,,,,,,,,,
X,Container port traffic (TEU: 20 foot equivalent units),,2066344,2387953,2583549,2946955,3145919,2897709,3271732,3200236,,,,,,,,,,,,,,,,,,,,,,,,,,,,,,,,,,,,,,,,,,,,,,,
X,"Railways, goods transported (million ton-km)",,694,1053,,,,,,,,,,,,,,,,,,,,,,,,,,,,,,,,,,,,,,,,,,,,,,,,,,,,,
X,Social contributions (current LCU),,,,,,,,,,,,,,,,,,,,,,,,,,,,,,,,,,,,,,,,,,,,,,,,,,,,,,,,
X,Net lending (+) / net borrowing (-) (current LCU),,-2.03E+11,-2.54E+11,-6.83E+11,-9.33E+11,-1.16E+12,-1.25E+12,-9.96E+11,,,,,,,,,,,,,,,,,,,,,,,,,,,,,,,,,,,,,,,,,,,,,,,,
X,"Net incurrence of liabilities, total (current LCU)",,5.62E+11,6.37E+11,8.21E+11,1.14E+12,1.38E+12,2.31E+12,1.51E+12,,,,,,,,,,,,,,,,,,,,,,,,,,,,,,,,,,,,,,,,,,,,,,,,
X,Net acquisition of financial assets (current LCU),,3.65E+11,4.01E+11,34574400000,1.20E+11,2.11E+11,1.06E+12,5.16E+11,,,,,,,,,,,,,,,,,,,,,,,,,,,,,,,,,,,,,,,,,,,,,,,,
X,"Account ownership at a financial institution or with a mobile-money-service provider, secondary education or more (% of population ages 15+)",,,,57.23128165,,,,56.62695482,,,50.27051972,,,,,,,,,,,,,,,,,,,,,,,,,,,,,,,,,,,,,,,,,,,,,
X,"Account ownership at a financial institution or with a mobile-money-service provider, female (% of population ages 15+)",,,,35.83634541,,,,43.45669251,,,33.34600028,,,,,,,,,,,,,,,,,,,,,,,,,,,,,,,,,,,,,,,,,,,,,
X,Domestic credit provided by financial sector (% of GDP),,,,,,,,,,,,,,,,,,,,,,,,,,,,,,,,,,,,,,,,,,,,,,,,,,,,,,,,
X,Real interest rate (%),,5.512644316,-13.64213564,4.276539894,3.634303658,5.689563715,4.289186251,3.076215735,1.972480573,0.629461238,2.778411378,,,,,,,,,,,,,,,,,,,,,,,,,,,,,,,,,,,,,,,,,,,,,
X,Wholesale price index (2010 = 100),,,,,,,,,,,,,,,,,,,,,,,,,,,,,,,,,,,,,,,,,,,,,,,,,,,,,,,,
X,Broad money to total reserves ratio,,4.578692465,4.515932859,4.905943827,5.501726646,5.894182209,5.003782838,5.106947118,7.378765476,10.24889432,10.26636212,,,,,,,,,,,,,,,,,,,,,,,,,,,,,,,,,,,,,,,,,,,,,
X,Monetary Sector credit to private sector (% GDP),,44.40697181,37.79864267,40.44895614,40.02473659,39.03447094,39.16105924,39.08201633,38.95556843,37.64138023,35.81117158,,,,,,,,,,,,,,,,,,,,,,,,,,,,,,,,,,,,,,,,,,,,,
X,Claims on central government (annual growth as % of broad money),,2.372432658,3.836338165,3.27908821,4.364018258,6.278977301,3.740638139,4.016347848,3.522745767,2.127499114,2.22413843,,,,,,,,,,,,,,,,,,,,,,,,,,,,,,,,,,,,,,,,,,,,,
X,"Total reserves (includes gold, current US$)",,27493077972,32283838539,33431482893,32028383717,32696936140,43171735336,46165532457,33747202272,21859709191,21394795733,,,,,,,,,,,,,,,,,,,,,,,,,,,,,,,,,,,,,,,,,,,,,
X,"Borrowers from commercial banks (per 1,000 adults)",,83.96888331,81.30590117,82.71174131,82.45222998,82.07280705,80.01027852,86.07799407,87.79152918,91.68160223,,,,,,,,,,,,,,,,,,,,,,,,,,,,,,,,,,,,,,,,,,,,,,
X,Bank nonperforming loans to total gross loans (%),,8.397907814,8.858521756,8.895660553,9.887329666,8.902133352,7.737548734,7.969079604,8.724360401,9.569127753,,,,,,,,,,,,,,,,,,,,,,,,,,,,,,,,,,,,,,,,,,,,,,
X,Renewable internal freshwater resources per capita (cubic meters),,658.7897208,652.9366241,647.4042447,642.1111028,636.6991382,631.3965583,626.2717268,619.8899776,,,,,,,,,,,,,,,,,,,,,,,,,,,,,,,,,,,,,,,,,,,,,,,
X,Level of water stress: freshwater withdrawal as a proportion of available freshwater resources,,5.723339482,5.723339482,5.723339482,5.723339482,5.723339482,5.723339482,5.723339482,5.723339482,,,,,,,,,,,,,,,,,,,,,,,,,,,,,,,,,,,,,,,,,,,,,,,
X,"Water productivity, total (constant 2015 US$ GDP per cubic meter of total freshwater withdrawal)",,5.440384973,5.827385573,6.21142485,6.666064665,7.191478226,7.439441657,7.955640643,8.520477506,,,,,,,,,,,,,,,,,,,,,,,,,,,,,,,,,,,,,,,,,,,,,,,
X,Population in urban agglomerations of more than 1 million (% of total population),,13.8868682,14.21641088,14.56039152,14.91774896,15.27967874,15.650026,16.02888267,16.37156529,16.67334103,16.96753854,17.25020885,,,,,,,,,,,,,,,,,,,,,,,,,,,,,,,,,,,,,,,,,,,,
X,Population living in slums (% of urban population),,,53.15752,,52.51337,,51.86921,,51.50833,,,,,,,,,,,,,,,,,,,,,,,,,,,,,,,,,,,,,,,,,,,,,,,
X,Population density (people per sq. km of land area),,1224.423285,1235.399339,1245.956419,1256.227264,1266.905239,1277.544934,1287.999186,1300.360026,1319.179797,,,,,,,,,,,,,,,,,,,,,,,,,,,,,,,,,,,,,,,,,,,,,,
X,Nitrous oxide (N2O) emissions (total) excluding LULUCF (% change from 1990),,87.7784845,86.86426663,91.28779205,96.0581775,97.68986134,100.5631175,111.7601662,108.7045753,95.51965399,97.4295043,,,,,,,,,,,,,,,,,,,,,,,,,,,,,,,,,,,,,,,,,,,,,
X,Nitrous oxide (N2O) emissions (total) excluding LULUCF (Mt CO2e),,22.1419,22.0341,22.5557,23.1182,23.3106,23.6494,24.9697,24.6094,23.0547,23.2799,,,,,,,,,,,,,,,,,,,,,,,,,,,,,,,,,,,,,,,,,,,,,
X,Nitrous oxide (N2O) emissions from Building (Energy) (Mt CO2e),,1.4326,1.4377,1.4104,1.4486,1.4619,1.4356,1.6058,1.5791,1.5079,1.5781,,,,,,,,,,,,,,,,,,,,,,,,,,,,,,,,,,,,,,,,,,,,,
X,Carbon dioxide (CO2) emissions from Waste (Mt CO2e),,,,,,,,,,,,,,,,,,,,,,,,,,,,,,,,,,,,,,,,,,,,,,,,,,,,,,,,
X,Carbon dioxide (CO2) emissions from Power Industry (Energy) (Mt CO2e),,37.9502,42.4055,44.1977,46.4937,47.6616,45.8875,55.1905,60.4006,58.6271,61.2433,,,,,,,,,,,,,,,,,,,,,,,,,,,,,,,,,,,,,,,,,,,,,
X,Carbon dioxide (CO2) net fluxes from LULUCF - Other Land (Mt CO2e),,0,0,0,0,0,0,,,,,,,,,,,,,,,,,,,,,,,,,,,,,,,,,,,,,,,,,,,,,,,,,
X,Carbon dioxide (CO2) emissions from Industrial Processes (Mt CO2e),,10.4924,10.884,11.7009,13.275,13.8038,13.3167,14.2541,13.3935,13.4182,13.6373,,,,,,,,,,,,,,,,,,,,,,,,,,,,,,,,,,,,,,,,,,,,,
X,Carbon dioxide (CO2) emissions from Agriculture (Mt CO2e),,2.0547,1.967,2.0311,2.1479,2.1905,2.3225,2.5674,2.3972,2.4704,2.551,,,,,,,,,,,,,,,,,,,,,,,,,,,,,,,,,,,,,,,,,,,,,
X,Methane (CH4) emissions from Power Industry (Energy) (Mt CO2e),,0.0407,0.0473,0.0527,0.0561,0.0592,0.0572,0.0668,0.0725,0.0682,0.0703,,,,,,,,,,,,,,,,,,,,,,,,,,,,,,,,,,,,,,,,,,,,,
X,Methane (CH4) emissions from Fugitive Emissions (Energy) (Mt CO2e),,2.4643,2.7586,2.8169,2.7104,2.6477,2.5013,2.4904,2.2829,2.3013,2.1982,,,,,,,,,,,,,,,,,,,,,,,,,,,,,,,,,,,,,,,,,,,,,
X,Total greenhouse gas emissions excluding LULUCF (Mt CO2e),,177.4623,186.2098,195.4506,200.539,205.7444,202.7429,219.365,222.9794,215.8337,220.8267,,,,,,,,,,,,,,,,,,,,,,,,,,,,,,,,,,,,,,,,,,,,,
X,Disaster risk reduction progress score (1-5 scale; 5=best),,,,,,,,,,,,,,,,,,,,,,,,,,,,,,,,,,,,,,,,,,,,,,,,,,,,,,,,
X,"PM2.5 pollution, population exposed to levels exceeding WHO Interim Target-2 value (% of total)",,100,100,100,,,,,,,,,,,,,,,,,,,,,,,,,,,,,,,,,,,,,,,,,,,,,,,,,,,,
X,Electric power consumption (kWh per capita),,348.9326813,412.7803153,443.2129459,471.1260891,515.1017304,509.945927,574.1182031,602.6747473,,,,,,,,,,,,,,,,,,,,,,,,,,,,,,,,,,,,,,,,,,,,,,,
X,Alternative and nuclear energy (% of total energy use),,0.2,0.26,0.27,0.29,0.22,0.25,0.23,0.28,,,,,,,,,,,,,,,,,,,,,,,,,,,,,,,,,,,,,,,,,,,,,,,
X,Renewable energy consumption (% of total final energy consumption),,33.1,30.2,28.1,27,26.1,27.2,25,,,,,,,,,,,,,,,,,,,,,,,,,,,,,,,,,,,,,,,,,,,,,,,,
X,Electricity production from oil sources (% of total),,16.28616199,16.50668445,18.12779614,20.58110157,16.75639458,11.8954936,20.07216441,25.21788408,,,,,,,,,,,,,,,,,,,,,,,,,,,,,,,,,,,,,,,,,,,,,,,
X,Electricity production from hydroelectric sources (% of total),,1.010934946,1.478989647,1.414215586,1.370641738,0.902764717,1.021684494,0.725827538,0.769922226,,,,,,,,,,,,,,,,,,,,,,,,,,,,,,,,,,,,,,,,,,,,,,,
X,"Access to electricity, urban (% of urban population)",,93.6,94,99.5,96.6,97.8,97.8,99.7,100,99.5,,,,,,,,,,,,,,,,,,,,,,,,,,,,,,,,,,,,,,,,,,,,,,
X,"PPG, other private creditors (NFL, current US$)",,,,,,,,,,,,,,,,,,,,,,,,,,,,,,,,,,,,,,,,,,,,,,,,,,,,,,,,
X,"PPG, commercial banks (NFL, current US$)",,-3576000,-3568000,-3126000,-3807000,-3609000,-3679000,654737000,41411000,-25160000,-365759000,,,,,,,,,,,,,,,,,,,,,,,,,,,,,,,,,,,,,,,,,,,,,
X,"Net financial flows, others (NFL, current US$)",,78220218.3,199587618.2,60048710.5,68132575.6,110970651,84896033.1,257652160.2,140497251.7,85296115.8,75428571.3,,,,,,,,,,,,,,,,,,,,,,,,,,,,,,,,,,,,,,,,,,,,,
X,"Net financial flows, IMF nonconcessional (NFL, current US$)",,208747995.4,-18712967.8,-12677563,-51782805.2,-113686282.5,615564336.6,-182333021.3,-159051376.1,921914617.6,860135892.3,,,,,,,,,,,,,,,,,,,,,,,,,,,,,,,,,,,,,,,,,,,,,
X,"Net official flows from UN agencies, IAEA (current US$)",,818669.0211,822179.0195,450929.9994,559351.027,288177.0134,142581.0009,554347.9919,590204.0005,581731.9751,,,,,,,,,,,,,,,,,,,,,,,,,,,,,,,,,,,,,,,,,,,,,,
X,"Portfolio investment, bonds (PPG + PNG) (NFL, current US$)",,-23659000,65419000,113999000,161546000,136107000,167460000,-83852000,-409047000,-314510000,-181363000,,,,,,,,,,,,,,,,,,,,,,,,,,,,,,,,,,,,,,,,,,,,,
X,Present value of external debt (current US$),,,,,,,,,,,57653657994,,,,,,,,,,,,,,,,,,,,,,,,,,,,,,,,,,,,,,,,,,,,,
X,Short-term debt (% of total external debt),,17.1025,18.8471,21.0795,15.8062,15.5876,14.9372,19.7733,19.1141,14.0386,12.3893,,,,,,,,,,,,,,,,,,,,,,,,,,,,,,,,,,,,,,,,,,,,,
X,"External debt stocks, public and publicly guaranteed (PPG) (DOD, current US$)",,27169735483,29095257693,35282720723,41321842242,46416580489,54830387716,62473497624,67541257287,74054538879,77581679615,,,,,,,,,,,,,,,,,,,,,,,,,,,,,,,,,,,,,,,,,,,,,
X,External debt stocks (% of GNI),,18.65646473,14.97179048,16.80574504,17.09248027,17.08565118,18.88538361,20.87661178,20.26597532,22.28548849,22.25479772,,,,,,,,,,,,,,,,,,,,,,,,,,,,,,,,,,,,,,,,,,,,,
X,"Net ODA provided, total (current US$)",,,,,,,,,,,,,,,,,,,,,,,,,,,,,,,,,,,,,,,,,,,,,,,,,,,,,,,,
X,"Net bilateral aid flows from DAC donors, Total (current US$)",,1279995141,1336729859,2366291705,2523033464,2682285973,3474154102,3669332409,3737038822,3427218747,,,,,,,,,,,,,,,,,,,,,,,,,,,,,,,,,,,,,,,,,,,,,,
X,"Net bilateral aid flows from DAC donors, Portugal (current US$)",,,1683.00001,13809.00014,,432.0000007,2393.000061,,10680.0003,9173.000231,,,,,,,,,,,,,,,,,,,,,,,,,,,,,,,,,,,,,,,,,,,,,,
X,"Net bilateral aid flows from DAC donors, Netherlands (current US$)",,46602249.15,38235645.29,49629768.37,47577674.87,43827255.25,32395530.7,30067964.55,24203310.01,22586999.89,,,,,,,,,,,,,,,,,,,,,,,,,,,,,,,,,,,,,,,,,,,,,,
X,"Net bilateral aid flows from DAC donors, Japan (current US$)",,375160003.7,461269989,1312659180,1179277222,1139184814,2010214966,1952922363,2283019043,1849066406,,,,,,,,,,,,,,,,,,,,,,,,,,,,,,,,,,,,,,,,,,,,,,
X,"Net bilateral aid flows from DAC donors, Hungary (current US$)",,5115.000065,8290.999569,28201.99914,,544911.9806,1139037.013,2807595.968,2771670.103,2357379.913,,,,,,,,,,,,,,,,,,,,,,,,,,,,,,,,,,,,,,,,,,,,,,
